Single Label  Derived,"atypical, atypical ductal hyperplasia, na","atypical, atypical lobular hyperplasia, na","atypical, fibroadenoma, na","atypical, flat epithelial atypia, na","atypical, phyllodes, na","benign, apocrine metaplasia, na","benign, cyst, na","benign, mastitis, na","benign, papilloma, na","benign, pseudoangiomatous stromal hyperplasia, na","benign, radial scar, na"," benign, sclerosing adenosis, na","benign, usual ductal hyperplasia, na","breast cancer, in situ, ductal","breast cancer, in situ, lobular","breast cancer, in situ, na","breast cancer, invasive, ductal","breast cancer, invasive, lobular","breast cancer, invasive, na","breast cancer, metastasis, na","breast cancer, na, ductal","breast cancer, na, lobular","breast cancer, na, na","lymphoma, na, na",Scored Labels
"benign, cyst, na",0.002182893,0.001759804,0.004878186,0.000951789,0.000648384,0.002701557,0.947720468,0.000502762,0.003252039,0.000534051,0.001211085,0.00191128,0.003194123,0.003270557,0.002817265,0.000175484,0.002125295,0.00249961,0.0016859,0.001093036,0.003717928,0.000653391,0.009720278,0.000792874,"benign, cyst, na"
"atypical, fibroadenoma, na",0.003749167,0.003022501,0.910196543,0.001634719,0.001113614,0.002239945,0.00565128,0.000863505,0.005327014,0.000917245,0.001975,0.003204639,0.002178733,0.006332741,0.004838714,0.000301397,0.00365024,0.004293135,0.002895571,0.001877314,0.007830196,0.001122214,0.023422843,0.001361778,"atypical, fibroadenoma, na"
"breast cancer, invasive, ductal",1.40E-06,3.98E-05,3.73E-05,7.79E-07,3.83E-07,3.75E-07,6.24E-07,2.97E-07,1.07E-06,5.29E-07,6.96E-07,5.04E-07,2.38E-07,0.091692328,6.62E-05,1.04E-07,0.907914281,0.000103755,3.61E-05,9.63E-07,6.17E-05,3.86E-07,3.94E-05,4.69E-07,"breast cancer, invasive, ductal"
"benign, cyst, na",0.00174112,0.001419886,0.004522638,0.000754102,0.000513714,0.004270918,0.958747447,0.000398338,0.002888173,0.000423128,0.000959541,0.001653141,0.002965572,0.002095614,0.002364902,0.000139035,0.001223688,0.001777271,0.001335737,0.000866011,0.002798965,0.000517681,0.004995386,0.000628193,"benign, cyst, na"
"benign, cyst, na",0.002182893,0.001759804,0.004878186,0.000951789,0.000648384,0.002701557,0.947720468,0.000502762,0.003252039,0.000534051,0.001211085,0.00191128,0.003194123,0.003270557,0.002817265,0.000175484,0.002125295,0.00249961,0.0016859,0.001093036,0.003717928,0.000653391,0.009720278,0.000792874,"benign, cyst, na"
"breast cancer, invasive, ductal",0.000327669,0.000208322,0.000373672,0.000155309,0.0001058,0.000280739,0.000452792,8.20E-05,0.000419795,8.71E-05,0.000187638,0.000296443,0.000350363,0.008640712,0.00025913,2.86E-05,0.947703302,0.005326039,0.009196153,0.00038424,0.001068371,0.000106618,0.023829915,0.000129378,"breast cancer, invasive, ductal"
"breast cancer, na, na",0.001837794,0.001481592,0.003979901,0.000801319,0.00054588,0.001821754,0.002770186,0.000423279,0.002725316,0.000449622,0.00096812,0.001873465,0.002323976,0.002753507,0.002371877,0.000147741,0.001789302,0.002104441,0.001419373,0.000920236,0.004193531,0.000550095,0.961079955,0.000667526,"breast cancer, na, na"
"atypical, flat epithelial atypia, na",0.003177293,0.00161411,0.001258755,0.937995017,0.027699526,0.000336938,0.000311161,0.000142305,0.00092048,0.000252029,0.00036096,0.000629117,0.012666537,0.002422108,0.00215437,4.97E-05,0.000682599,0.000935759,0.000602933,0.000309381,0.000832515,0.000184941,0.004237286,0.000224421,"atypical, flat epithelial atypia, na"
"atypical, fibroadenoma, na",4.13E-05,4.05E-05,0.999110639,6.20E-05,1.22E-05,2.39E-05,3.43E-05,9.44E-06,6.29E-05,1.00E-05,2.16E-05,5.24E-05,1.53E-05,9.77E-05,5.10E-05,3.30E-06,2.95E-05,3.66E-05,3.16E-05,2.05E-05,5.73E-05,1.23E-05,0.000149189,1.49E-05,"atypical, fibroadenoma, na"
"benign, radial scar, na",0.022206077,0.020060774,0.008721972,0.009866775,0.001659744,0.437080801,0.020605221,0.001286979,0.008254706,0.001367073,0.181044266,0.009561555,0.214222416,0.015734833,0.009662111,0.000449206,0.006507257,0.006115101,0.006553467,0.003002685,0.006354547,0.001672561,0.005980254,0.00202961,"benign, apocrine metaplasia, na"
"benign, cyst, na",0.001131044,0.000916224,0.002879728,0.001109942,0.00033153,0.420986414,0.549331903,0.000257071,0.001726243,0.00027307,0.000619249,0.001117275,0.002362969,0.001809644,0.001526212,8.97E-05,0.000771982,0.001146979,0.005797231,0.000558889,0.001135317,0.00033409,0.003381971,0.00040541,"benign, cyst, na"
"benign, apocrine metaplasia, na",0.021456191,0.010490294,0.014440864,0.010475143,0.002216732,0.259141535,0.003292826,0.001718872,0.011702919,0.001825845,0.00435995,0.008311506,0.556919634,0.02158119,0.011758307,0.000599953,0.007699686,0.007137261,0.005533157,0.003736935,0.010612391,0.002233851,0.020044217,0.002710721,"benign, usual ductal hyperplasia, na"
"breast cancer, in situ, ductal",0.001662183,0.000892891,0.221756667,0.000701115,0.000449175,0.000786503,0.001897746,0.000329816,0.00219866,0.000350342,0.000754352,0.001290091,0.000854194,0.716326892,0.006889344,0.000115119,0.008012445,0.002321464,0.003436469,0.001374827,0.006076046,0.00042863,0.020574914,0.000520132,"breast cancer, in situ, ductal"
"breast cancer, in situ, ductal",0.000864598,0.000367837,0.001155429,0.000543241,0.000272015,0.000854671,0.001213637,0.000210923,0.001969808,0.000224049,0.00048242,0.001261359,0.000953434,0.944080114,0.00558897,7.36E-05,0.009316519,0.003008432,0.002821934,0.000552929,0.003398618,0.000274115,0.020178594,0.000332632,"breast cancer, in situ, ductal"
"breast cancer, in situ, ductal",0.000422212,9.06E-05,0.000112788,7.04E-05,3.35E-05,7.23E-05,7.07E-05,2.60E-05,0.00017503,2.76E-05,6.59E-05,0.003282949,0.014238764,0.948643744,0.000717814,9.07E-06,0.028340843,0.00018295,0.000411315,0.0001162,0.000725265,3.38E-05,0.002089759,4.10E-05,"breast cancer, in situ, ductal"
"benign, sclerosing adenosis, na",0.044804934,0.011707306,0.005858386,0.005276043,0.001008623,0.002979757,0.00125297,0.000782095,0.005670623,0.000830768,0.003292485,0.594409704,0.280409455,0.009043409,0.007669262,0.000272981,0.004383684,0.003247486,0.003675752,0.002402628,0.00383609,0.001016412,0.004935651,0.00123339,"benign, sclerosing adenosis, na"
"atypical, fibroadenoma, na",0.003283444,0.002677652,0.926546454,0.001422102,0.000968773,0.002108114,0.004916254,0.000751195,0.005194573,0.000797945,0.001718125,0.00304343,0.002221056,0.005191574,0.004459786,0.000262196,0.002307658,0.003351617,0.002518962,0.001633144,0.006472433,0.000976255,0.015992401,0.00118466,"atypical, fibroadenoma, na"
"atypical, atypical lobular hyperplasia, na",0.016227569,0.413512856,0.011899224,0.025443835,0.002801675,0.008099324,0.011608353,0.002172441,0.01391151,0.002307642,0.005736211,0.265740335,0.005248647,0.020124516,0.034083683,0.000758266,0.00482519,0.026996717,0.007313979,0.005068582,0.011280973,0.002823311,0.098589137,0.003426016,"atypical, atypical lobular hyperplasia, na"
"breast cancer, invasive, ductal",3.23E-05,1.84E-05,2.44E-05,1.65E-05,1.12E-05,2.89E-05,4.22E-05,8.69E-06,4.29E-05,9.23E-06,1.99E-05,2.74E-05,3.53E-05,0.01853282,0.000116931,3.03E-06,0.978527308,0.000640034,0.001078205,2.75E-05,0.000257408,1.13E-05,0.000474916,1.37E-05,"breast cancer, invasive, ductal"
"benign, pseudoangiomatous stromal hyperplasia, na",0.024968803,0.009515377,0.007464368,0.015952211,0.001054887,0.002609772,0.001841366,0.000817968,0.099950895,0.638522506,0.003443506,0.004223607,0.149496511,0.010116584,0.007838557,0.000285503,0.002541694,0.003396443,0.00263309,0.001778313,0.004098696,0.001063033,0.005096416,0.001289964,"benign, pseudoangiomatous stromal hyperplasia, na"
"benign, apocrine metaplasia, na",0.031507466,0.008861443,0.01356723,0.003583447,0.001596958,0.21495454,0.001172056,0.001238294,0.016174026,0.001315359,0.003140955,0.012350283,0.58363843,0.019642083,0.019069109,0.000432213,0.014220187,0.018636413,0.017157229,0.002889097,0.003933352,0.00160929,0.007357859,0.001952833,"benign, usual ductal hyperplasia, na"
"benign, cyst, na",0.002141286,0.001726261,0.004785207,0.000933648,0.000636026,0.002650065,0.948716998,0.000493179,0.003190054,0.000523872,0.001188002,0.001874851,0.003133242,0.003208219,0.002763567,0.000172139,0.002084786,0.002451967,0.001653767,0.001072203,0.003647064,0.000640937,0.009535007,0.000777761,"benign, cyst, na"
"benign, sclerosing adenosis, na",0.016251203,0.012748308,0.040145718,0.006618585,0.004612332,0.016652621,0.018567866,0.003576439,0.025811844,0.003799017,0.008179996,0.626375735,0.020734031,0.018815273,0.021233052,0.001248316,0.011119643,0.015957057,0.01686349,0.007775403,0.027208,0.004647951,0.065418139,0.005640169,"benign, sclerosing adenosis, na"
"atypical, atypical lobular hyperplasia, na",0.018749356,0.66762197,0.00395959,0.008125377,0.000834168,0.12976405,0.03346815,0.000646821,0.007523723,0.001145547,0.001994834,0.002662466,0.0798776,0.011238263,0.007782661,0.000225766,0.001003407,0.004908051,0.001376366,0.001509115,0.002657806,0.00084061,0.011064088,0.001020059,"atypical, atypical lobular hyperplasia, na"
"atypical, atypical ductal hyperplasia, na",0.572540402,0.020461071,0.012110258,0.003645568,0.002483457,0.00480702,0.010975898,0.001925693,0.159570873,0.002045537,0.004404425,0.005961162,0.006106587,0.034493599,0.011053273,0.000672142,0.015833165,0.00949245,0.006457378,0.004186576,0.024680609,0.002502636,0.080553584,0.003036884,"atypical, atypical ductal hyperplasia, na"
"breast cancer, invasive, lobular",0.001110041,0.000626276,0.001157687,0.000536923,0.000328,0.000953795,0.00139086,0.000254334,0.001119266,0.000270162,0.00058171,0.00103116,0.001008787,0.012785864,0.102625869,8.88E-05,0.021023139,0.820945144,0.008840771,0.000636809,0.001471588,0.000330533,0.020481521,0.000401094,"breast cancer, invasive, lobular"
"breast cancer, invasive, ductal",9.80E-06,2.89E-06,5.00E-06,4.86E-06,2.61E-06,4.88E-06,3.70E-06,2.02E-06,1.08E-05,2.15E-06,4.63E-06,2.07E-05,8.46E-06,0.072428361,0.000297849,7.07E-07,0.926590621,8.85E-05,0.00017343,6.11E-06,0.000136099,2.63E-06,0.000189994,3.19E-06,"breast cancer, invasive, ductal"
"breast cancer, in situ, ductal",0.003276404,0.00239268,0.003588484,0.002001395,0.001800557,0.003797159,0.003111208,0.000924363,0.004934361,0.00098189,0.002114193,0.003562144,0.003655142,0.74867332,0.018648254,0.000322639,0.081885234,0.008532515,0.005873715,0.00260049,0.016015669,0.001201305,0.07864932,0.001457752,"breast cancer, in situ, ductal"
"atypical, fibroadenoma, na",0.003755406,0.003027531,0.911711156,0.00163744,0.001115467,0.002801228,0.005660684,0.000864942,0.005360553,0.000918771,0.001978287,0.003209972,0.002525286,0.006343279,0.004846767,0.000301898,0.003656315,0.00430028,0.002900389,0.001880438,0.006869711,0.001124081,0.02184584,0.001364044,"atypical, fibroadenoma, na"
"breast cancer, metastasis, na",8.41E-05,1.95E-05,3.35E-05,4.28E-05,1.92E-05,3.49E-05,6.75E-05,1.49E-05,6.32E-05,1.58E-05,3.41E-05,4.45E-05,4.12E-05,0.03611261,0.00050931,5.20E-06,0.883247077,0.001797355,0.001243388,0.073432393,0.000469312,1.94E-05,0.002625332,2.35E-05,"breast cancer, invasive, ductal"
"atypical, atypical ductal hyperplasia, na",0.748525918,0.010796379,0.005498044,0.002196869,0.001045213,0.000952228,0.002486596,0.000810466,0.00423427,0.000860905,0.065224685,0.037222803,0.046134211,0.017469065,0.007666819,0.000282884,0.011937364,0.003961031,0.002614297,0.002489787,0.008936832,0.001053284,0.016322037,0.001278133,"atypical, atypical ductal hyperplasia, na"
"benign, cyst, na",0.004015661,0.003274777,0.010430862,0.001739235,0.001184813,0.004277714,0.909621179,0.000918713,0.006630528,0.000975889,0.002213054,0.00381275,0.005910883,0.004833254,0.005454332,0.000320667,0.002822272,0.004099037,0.003080698,0.00199734,0.007370247,0.001193962,0.012373436,0.001448843,"benign, cyst, na"
"benign, cyst, na",0.010465253,0.007028578,0.026807569,0.008519647,0.003259142,0.020239612,0.736437023,0.002393092,0.018662758,0.002542025,0.006654972,0.018190723,0.021880681,0.01626024,0.014207607,0.000835282,0.007186434,0.010290793,0.008024695,0.005202731,0.01799758,0.003110069,0.03002941,0.003773989,"benign, cyst, na"
"benign, cyst, na",0.014522201,0.01597593,0.025669115,0.018300004,0.003607865,0.013854678,0.719075322,0.012251145,0.018265786,0.002476503,0.006483437,0.008851097,0.027039494,0.013491808,0.015145237,0.000813752,0.006455977,0.008485364,0.007817855,0.005068628,0.01133504,0.003029905,0.038307209,0.003676713,"benign, cyst, na"
"breast cancer, in situ, ductal",1.49E-05,9.73E-06,1.16E-05,1.48E-05,4.66E-06,1.72E-05,1.01E-05,3.61E-06,0.000120603,3.84E-06,8.26E-06,2.01E-05,1.39E-05,0.995916128,0.000315736,1.26E-06,0.002864654,2.50E-05,6.41E-05,1.62E-05,0.000100582,4.70E-06,0.000432615,5.70E-06,"breast cancer, in situ, ductal"
"benign, apocrine metaplasia, na",0.011733299,0.018099079,0.015150025,0.011831196,0.002700351,0.671640754,0.004668443,0.011002943,0.031676389,0.002224185,0.014848194,0.01125659,0.007596553,0.023727335,0.018974457,0.000730843,0.008919445,0.015393734,0.01110683,0.004885274,0.011501288,0.002721205,0.084309265,0.003302112,"benign, apocrine metaplasia, na"
"benign, usual ductal hyperplasia, na",0.007700244,0.003317226,0.006678327,0.001569391,0.000746675,0.001883842,0.002571175,0.000578978,0.004536094,0.00061501,0.001468588,0.001983872,0.938452721,0.004107002,0.003960621,0.000202086,0.00254769,0.002468502,0.001867592,0.001258734,0.004063799,0.000752441,0.005756509,0.000913068,"benign, usual ductal hyperplasia, na"
"breast cancer, invasive, ductal",1.35E-05,0.000831424,2.15E-06,5.16E-06,2.43E-06,2.91E-06,4.19E-06,1.56E-06,5.40E-06,1.65E-06,3.56E-06,3.25E-06,3.37E-06,0.01314477,3.66E-05,5.43E-07,0.98346889,0.000222554,0.000243537,7.47E-06,0.000161931,2.02E-06,0.001828828,2.45E-06,"breast cancer, invasive, ductal"
"breast cancer, in situ, ductal",0.000843295,0.000545473,0.001245987,0.00036233,0.00029663,0.000765943,0.000895755,0.000190071,0.00132243,0.0002019,0.001494175,0.003423581,0.000719412,0.923588395,0.003948854,6.63E-05,0.013099006,0.001425302,0.003600844,0.000792305,0.003102209,0.000247017,0.03752277,0.000299749,"breast cancer, in situ, ductal"
"breast cancer, na, na",0.011377217,0.009469777,0.024493739,0.005589365,0.003807623,0.012707106,0.018034622,0.002952461,0.018325778,0.003136206,0.006752839,0.013067807,0.015618385,0.019288063,0.018664401,0.001030523,0.015000937,0.016797248,0.011494423,0.006888467,0.117116056,0.003837027,0.63989377,0.004656134,"breast cancer, na, na"
"atypical, atypical lobular hyperplasia, na",0.013270987,0.665861905,0.006865919,0.002607229,0.001776113,0.003949174,0.00855395,0.001377213,0.029133772,0.001462923,0.003149947,0.004059348,0.002387403,0.02385908,0.010718922,0.000480701,0.01483136,0.01838774,0.004618173,0.002994146,0.011511185,0.001789829,0.164180875,0.002171912,"atypical, atypical lobular hyperplasia, na"
"benign, pseudoangiomatous stromal hyperplasia, na",0.013082228,0.011989801,0.014204558,0.020279501,0.002035242,0.0109034,0.005235551,0.001578143,0.011442417,0.807091832,0.005990663,0.012237255,0.009642831,0.01257928,0.012725607,0.000550833,0.003423478,0.006609253,0.005281105,0.003430981,0.008633792,0.002050959,0.01651231,0.002488786,"benign, pseudoangiomatous stromal hyperplasia, na"
"atypical, fibroadenoma, na",0.003761049,0.003302323,0.913081229,0.001797531,0.001117143,0.002247044,0.00355304,0.000866242,0.005343897,0.000920152,0.00198126,0.003271668,0.002185638,0.006352811,0.00485405,0.000302352,0.003661809,0.004306742,0.002904748,0.001883264,0.006317025,0.001125771,0.023497077,0.001366094,"atypical, fibroadenoma, na"
"breast cancer, invasive, lobular",0.009135851,0.00715926,0.016024889,0.004323672,0.002945399,0.009780039,0.013381727,0.002283886,0.011686741,0.002426023,0.005223682,0.010108646,0.01146978,0.006748429,0.025999939,0.000797165,0.088239484,0.631301999,0.063795626,0.005328597,0.013216123,0.002968145,0.05205318,0.003601768,"breast cancer, invasive, lobular"
"breast cancer, invasive, ductal",4.47E-05,2.70E-05,4.15E-05,2.15E-05,1.47E-05,4.14E-05,5.52E-05,1.14E-05,6.29E-05,1.21E-05,2.60E-05,4.05E-05,6.02E-05,0.041690953,0.000220901,3.97E-06,0.953552604,0.000406786,0.002677823,5.09E-05,0.000319983,1.48E-05,0.000584324,1.79E-05,"breast cancer, invasive, ductal"
"atypical, atypical lobular hyperplasia, na",0.00992728,0.463568449,0.010873681,0.006254991,0.001712137,0.014759189,0.003286402,0.001327604,0.007008669,0.001410227,0.005039614,0.283469796,0.00499006,0.029437153,0.027606573,0.000463385,0.021152643,0.030211454,0.053178016,0.00309747,0.004093676,0.001725359,0.013312343,0.002093678,"atypical, atypical lobular hyperplasia, na"
"benign, apocrine metaplasia, na",0.010683896,0.006864924,0.019851683,0.004445095,0.002280755,0.806877911,0.003107214,0.001768516,0.011712437,0.001878579,0.004044932,0.012795038,0.011674961,0.011549789,0.010499547,0.000617281,0.005235609,0.007890616,0.005930321,0.003844864,0.010039694,0.002298368,0.04131892,0.002789011,"benign, apocrine metaplasia, na"
"breast cancer, na, na",0.027637174,0.022599919,0.058455057,0.013339189,0.009087007,0.030325888,0.043040175,0.007046138,0.043735024,0.007484652,0.016115857,0.031186718,0.037273742,0.04682881,0.044543162,0.002459376,0.035058379,0.040087145,0.026806943,0.016439537,0.175070405,0.009157182,0.245110437,0.011112005,"breast cancer, na, na"
"breast cancer, invasive, lobular",0.00518707,0.004286602,0.009594892,0.002588796,0.001763556,0.005855791,0.008012299,0.001367475,0.006997428,0.00145258,0.003127676,0.006052545,0.006867523,0.004406929,0.015567446,0.000477302,0.056258544,0.741477191,0.040931419,0.003190494,0.032200389,0.001777175,0.038402092,0.002156556,"breast cancer, invasive, lobular"
"benign, usual ductal hyperplasia, na",0.017833881,0.008022557,0.016151221,0.003795499,0.001906969,0.003010799,0.004985682,0.001400231,0.010105736,0.001487374,0.003551712,0.08071892,0.775876641,0.011430033,0.009578576,0.000488735,0.006306903,0.006194178,0.004516684,0.00304419,0.010379936,0.001819745,0.015185581,0.002208213,"benign, usual ductal hyperplasia, na"
"breast cancer, in situ, ductal",4.58E-06,1.84E-06,1.04E-06,7.53E-06,5.66E-07,8.27E-07,6.64E-07,4.39E-07,2.36E-06,7.81E-07,1.11E-06,8.18E-05,9.90E-05,0.998695254,3.68E-05,1.53E-07,0.000961413,3.46E-06,7.49E-06,1.96E-06,1.17E-05,5.71E-07,7.78E-05,6.93E-07,"breast cancer, in situ, ductal"
"breast cancer, invasive, ductal",0.000879271,0.000586401,0.001059835,0.000396428,0.000270057,0.000804238,0.001155757,0.000209404,0.001071531,0.000222437,0.000478948,0.000782516,0.000995317,0.001570797,0.000833418,7.31E-05,0.961127162,0.009681708,0.009127107,0.000548949,0.002727029,0.000272143,0.004796016,0.000330238,"breast cancer, invasive, ductal"
"atypical, fibroadenoma, na",0.002948009,0.002376624,0.929386377,0.001285397,0.000875646,0.001761292,0.00444366,0.000678983,0.004188687,0.000721239,0.001552963,0.002519841,0.001713161,0.0049795,0.003804732,0.000236991,0.002870222,0.003375737,0.002276817,0.001476152,0.006156965,0.000882408,0.018417625,0.00107078,"atypical, fibroadenoma, na"
"atypical, fibroadenoma, na",0.002948009,0.002376624,0.929386377,0.001285397,0.000875646,0.001761292,0.00444366,0.000678983,0.004188687,0.000721239,0.001552963,0.002519841,0.001713161,0.0049795,0.003804732,0.000236991,0.002870222,0.003375737,0.002276817,0.001476152,0.006156965,0.000882408,0.018417625,0.00107078,"atypical, fibroadenoma, na"
"atypical, fibroadenoma, na",0.008038322,0.003689516,0.803629458,0.001745522,0.000830474,0.000834543,0.046445601,0.000643956,0.00445301,0.000684033,0.0017203,0.001492175,0.094885044,0.005926137,0.004405118,0.000224766,0.002833615,0.002848657,0.00207719,0.001400001,0.004731648,0.000836887,0.004608467,0.001015541,"atypical, fibroadenoma, na"
"atypical, fibroadenoma, na",0.002604164,0.002099424,0.93555522,0.001135473,0.000773514,0.001942495,0.003925368,0.000599789,0.003717244,0.000637117,0.001371832,0.002225936,0.001751145,0.00439871,0.003360962,0.00020935,0.00253545,0.002982004,0.002011258,0.001303979,0.004763761,0.004000891,0.01514887,0.000945888,"atypical, fibroadenoma, na"
"breast cancer, invasive, ductal",0.00674673,0.001838754,0.30941543,0.00245405,0.000741946,0.000880144,0.002165685,0.000544789,0.003990335,0.000578694,0.001246036,0.030480146,0.001138031,0.075168788,0.008546074,0.000190153,0.508933723,0.012854993,0.002202363,0.00140196,0.01377359,0.00070801,0.013140578,0.000859152,"breast cancer, invasive, ductal"
"benign, apocrine metaplasia, na",0.008451219,0.006422478,0.010652484,0.007033356,0.001553937,0.853093266,0.002131966,0.001204935,0.00770031,0.002143216,0.004790126,0.029234812,0.005568965,0.01069462,0.011700341,0.000420569,0.004199598,0.005046261,0.003530714,0.002619604,0.006030317,0.001565937,0.01231056,0.001900224,"benign, apocrine metaplasia, na"
"benign, papilloma, na",0.02620158,0.013713012,0.039985713,0.00778569,0.005303818,0.017700329,0.02204488,0.004112623,0.460411429,0.00436857,0.03232991,0.070282802,0.011377603,0.026753334,0.023741346,0.001435465,0.017393975,0.020446947,0.013790756,0.008941099,0.035030972,0.005344776,0.125017405,0.00648575,"benign, papilloma, na"
"benign, usual ductal hyperplasia, na",0.039259307,0.017551266,0.032415699,0.008595644,0.004311325,0.008167126,0.014054683,0.003343036,0.02325936,0.003551089,0.008404429,0.010857558,0.637982905,0.028854046,0.02466071,0.00116685,0.017341817,0.016922686,0.011683532,0.007799729,0.030070376,0.00434462,0.040130079,0.005272085,"benign, usual ductal hyperplasia, na"
"breast cancer, invasive, ductal",0.000943647,0.000629334,0.001137431,0.000425452,0.000289829,0.00086312,0.001240376,0.000224736,0.001149983,0.000238722,0.000514014,0.000839808,0.00106819,0.001685804,0.000894436,7.84E-05,0.957302928,0.011368741,0.009795347,0.000589141,0.00292669,0.000292068,0.005147159,0.000354416,"breast cancer, invasive, ductal"
"benign, cyst, na",0.003966688,0.003188628,0.008741753,0.001728714,0.001177646,0.004689015,0.904118955,0.000913156,0.005879423,0.000969986,0.002199667,0.003840157,0.005144268,0.00594024,0.005116936,0.000318727,0.003773433,0.004539987,0.003062064,0.001985258,0.00711762,0.00118674,0.018960683,0.001440079,"benign, cyst, na"
"breast cancer, invasive, ductal",5.88E-06,1.56E-06,2.16E-06,4.04E-06,1.65E-06,3.12E-06,3.43E-06,1.28E-06,6.10E-06,1.36E-06,3.00E-06,3.60E-06,3.78E-06,0.020990955,0.000136558,4.48E-07,0.978073895,0.000296254,0.000169137,6.92E-06,6.14E-05,1.67E-06,0.000219548,2.02E-06,"breast cancer, invasive, ductal"
"breast cancer, in situ, ductal",0.001507525,0.000493231,0.001658076,0.00085771,0.000385134,0.000926277,0.001718335,0.000298636,0.001853617,0.000317221,0.000683036,0.001115961,0.001042847,0.916359007,0.007719166,0.000104235,0.017750712,0.003898715,0.003274396,0.000782867,0.00513297,0.000388108,0.031261444,0.000470959,"breast cancer, in situ, ductal"
"breast cancer, in situ, ductal",3.98E-06,3.93E-05,5.14E-05,2.18E-06,4.17E-07,1.87E-07,7.30E-07,2.67E-07,4.67E-06,2.84E-07,6.78E-07,2.26E-06,1.25E-05,0.998288691,0.00140484,9.33E-08,0.000142628,1.67E-05,4.60E-06,1.28E-06,6.82E-06,3.47E-07,1.43E-05,4.22E-07,"breast cancer, in situ, ductal"
"benign, usual ductal hyperplasia, na",0.022603098,0.010208913,0.029323557,0.005940645,0.002592676,0.010517761,0.007992892,0.002010382,0.011531232,0.003575863,0.005218478,0.007955845,0.621058941,0.044787683,0.030051341,0.000701701,0.043519951,0.026607279,0.077621743,0.004690476,0.009519443,0.002612698,0.016187012,0.003170442,"benign, usual ductal hyperplasia, na"
"breast cancer, in situ, ductal",0.001122077,0.000245512,0.000200498,0.000306311,7.32E-05,0.008262031,4.74E-05,5.68E-05,0.006493925,6.03E-05,0.00314917,0.000209277,0.002353225,0.919528902,0.040362634,1.98E-05,0.014526835,0.000338285,0.000246486,0.000142213,0.001332654,7.38E-05,0.00075858,8.96E-05,"breast cancer, in situ, ductal"
"atypical, atypical lobular hyperplasia, na",0.022001006,0.553829193,0.009641645,0.003398098,0.001422596,0.13818793,0.001991436,0.001103092,0.016608981,0.001171743,0.088774621,0.002527681,0.092250258,0.009320273,0.01212028,0.000385022,0.004800721,0.008862462,0.003352546,0.002398191,0.006545644,0.001433582,0.016133549,0.001739615,"atypical, atypical lobular hyperplasia, na"
"atypical, fibroadenoma, na",0.003283791,0.002677936,0.926644564,0.001708067,0.000968876,0.004700852,0.004916775,0.000751274,0.005665669,0.00133629,0.001758442,0.003591463,0.006098704,0.004220366,0.004460258,0.000262224,0.002720195,0.003230636,0.002341235,0.001801468,0.005042643,0.000976358,0.009657253,0.001184786,"atypical, fibroadenoma, na"
"atypical, fibroadenoma, na",0.008651415,0.004122855,0.819988549,0.002164838,0.001318175,0.000994506,0.002027897,0.000728614,0.005038422,0.000773958,0.001848141,0.001934411,0.096463405,0.018018806,0.004006322,0.000254314,0.005003088,0.004136448,0.003793956,0.001779824,0.004624151,0.000946908,0.01023177,0.001149049,"atypical, fibroadenoma, na"
"benign, sclerosing adenosis, na",0.001426888,0.001037934,0.003073935,0.001115018,0.000351967,0.001542914,0.000624698,0.000272918,0.001757202,0.000289903,0.000624215,0.961222529,0.001382088,0.002852149,0.001529315,9.53E-05,0.001462428,0.00135688,0.00147785,0.00059334,0.001621256,0.000354685,0.013504075,0.000430401,"benign, sclerosing adenosis, na"
"breast cancer, invasive, ductal",2.48E-05,1.40E-05,1.62E-05,1.28E-05,8.69E-06,2.07E-05,3.27E-05,6.74E-06,2.96E-05,7.15E-06,1.54E-05,1.95E-05,2.33E-05,0.00636775,8.55E-05,2.35E-06,0.991091609,0.000651613,0.00083571,2.13E-05,0.000209976,8.75E-06,0.000482821,1.06E-05,"breast cancer, invasive, ductal"
"benign, cyst, na",0.00787171,0.006419389,0.020447118,0.003409339,0.002322532,0.010469181,0.822333634,0.00180091,0.013057604,0.001912989,0.004338144,0.007473953,0.01340753,0.009474399,0.010691867,0.000628588,0.005532366,0.008035148,0.006038947,0.00391529,0.012654289,0.002340468,0.022584444,0.002840098,"benign, cyst, na"
"breast cancer, invasive, ductal",2.91E-05,1.64E-05,1.89E-05,1.49E-05,1.02E-05,2.19E-05,3.82E-05,7.88E-06,3.47E-05,8.37E-06,1.80E-05,2.28E-05,2.73E-05,0.003867064,0.000100023,2.75E-06,0.993382514,0.001129639,0.000600336,2.49E-05,0.000245518,1.02E-05,0.000356073,1.24E-05,"breast cancer, invasive, ductal"
"benign, apocrine metaplasia, na",0.025745932,0.011787363,0.013896341,0.010912102,0.001848348,0.486748189,0.001513771,0.001433223,0.160706893,0.00152242,0.006033627,0.008584277,0.193208605,0.017994747,0.016519995,0.000500251,0.006420123,0.005951164,0.004613637,0.003115917,0.007070135,0.001862621,0.009750006,0.002260243,"benign, apocrine metaplasia, na"
"atypical, atypical lobular hyperplasia, na",0.012762487,0.424353987,0.011279392,0.003079456,0.002097807,0.005459333,0.008014765,0.001626656,0.166835636,0.00172789,0.003720471,0.210469067,0.004013758,0.012351908,0.014640652,0.000567766,0.008517794,0.014688047,0.005454625,0.003536452,0.011530688,0.002114007,0.06859225,0.002565293,"atypical, atypical lobular hyperplasia, na"
"benign, usual ductal hyperplasia, na",0.031228222,0.008661875,0.013871535,0.003963497,0.001872705,0.004299082,0.005170404,0.001452111,0.00939275,0.001542482,0.003683305,0.075092308,0.735251427,0.03008903,0.015948158,0.000506843,0.009252965,0.006898884,0.004340048,0.004460946,0.008743563,0.001887167,0.020100808,0.002290029,"benign, usual ductal hyperplasia, na"
"breast cancer, in situ, ductal",0.005059331,0.004468542,0.005987838,0.00878004,0.001172709,0.003048249,0.002374949,0.000909328,0.006326701,0.425747216,0.002079806,0.074181698,0.005427567,0.292769074,0.023645112,0.000317391,0.020737847,0.005459012,0.005333076,0.002383784,0.010759003,0.001181765,0.09041582,0.001434042,"benign, pseudoangiomatous stromal hyperplasia, na"
"breast cancer, na, na",0.001837794,0.001481592,0.003979901,0.000801319,0.00054588,0.001821754,0.002770186,0.000423279,0.002725316,0.000449622,0.00096812,0.001873465,0.002323976,0.002753507,0.002371877,0.000147741,0.001789302,0.002104441,0.001419373,0.000920236,0.004193531,0.000550095,0.961079955,0.000667526,"breast cancer, na, na"
"breast cancer, na, ductal",0.017598707,0.013423407,0.027546078,0.007959302,0.005422086,0.016371939,0.024191497,0.004204329,0.026096057,0.004465983,0.009616098,0.016247584,0.022240704,0.076066829,0.022788448,0.001467474,0.12580432,0.023715515,0.016368153,0.009809233,0.375321299,0.028044963,0.118599437,0.006630373,"breast cancer, na, ductal"
"breast cancer, invasive, ductal",0.001048388,1.31E-05,6.18E-06,1.46E-05,5.23E-06,8.91E-06,1.07E-05,4.05E-06,1.37E-05,4.31E-06,1.54E-05,1.24E-05,1.44E-05,0.004519418,6.58E-05,1.42E-06,0.992293656,0.001057064,0.000493447,2.04E-05,0.000120104,5.27E-06,0.0002453,6.39E-06,"breast cancer, invasive, ductal"
"atypical, atypical lobular hyperplasia, na",0.006697311,0.149087831,0.753191113,0.002459153,0.001104221,0.001307746,0.005318045,0.000856222,0.005424377,0.000909509,0.001958343,0.002523266,0.001135587,0.005297292,0.010315072,0.000298855,0.001946342,0.009906054,0.002877366,0.001861481,0.006250829,0.001112749,0.026810791,0.001350292,"atypical, fibroadenoma, na"
"breast cancer, invasive, ductal",3.79E-05,7.86E-06,1.09E-05,8.15E-06,6.72E-06,1.49E-05,1.55E-05,4.31E-06,2.30E-05,4.57E-06,9.85E-06,0.000411381,1.84E-05,0.046075691,0.00087484,1.50E-06,0.949225605,0.001419324,0.001539581,2.06E-05,0.000115073,5.60E-06,0.000142219,6.79E-06,"breast cancer, invasive, ductal"
"benign, cyst, na",0.008628356,0.006317569,0.018025406,0.003355263,0.002285694,0.019014213,0.804890454,0.001772345,0.012850495,0.001882646,0.004269336,0.006422148,0.01319487,0.015450535,0.010391177,0.000618618,0.010589891,0.007840292,0.005943161,0.003853189,0.019526497,0.002303345,0.017779591,0.00279505,"benign, cyst, na"
"breast cancer, invasive, ductal",0.005463325,0.001041434,0.001288861,0.00475718,0.000450761,0.00077113,0.001159688,0.000349524,0.001796796,0.000371276,0.000886573,0.001335011,0.062330358,0.020955302,0.002314657,0.000121997,0.847991168,0.017699383,0.016797336,0.000916269,0.003432283,0.000454242,0.006764145,0.000551211,"breast cancer, invasive, ductal"
"atypical, fibroadenoma, na",0.003796513,0.002560235,0.925631046,0.002595301,0.001010866,0.002222679,0.004787921,0.000783834,0.005225286,0.000832616,0.001792777,0.003896812,0.002388773,0.005390314,0.005249894,0.000273589,0.00123292,0.00345623,0.001737456,0.001828784,0.007260253,0.001018673,0.013791138,0.001236134,"atypical, fibroadenoma, na"
"benign, pseudoangiomatous stromal hyperplasia, na",0.010385267,0.009732782,0.019326555,0.009361536,0.002190754,0.009956464,0.010149972,0.001698728,0.013308953,0.795344412,0.003885314,0.007378085,0.02058427,0.007766024,0.013713954,0.000592922,0.005218466,0.007304886,0.005696304,0.003693142,0.011734676,0.002207672,0.026090022,0.002678954,"benign, pseudoangiomatous stromal hyperplasia, na"
"breast cancer, invasive, ductal",0.002136301,0.000168467,5.80E-05,4.95E-05,3.35E-05,5.61E-05,0.000109834,2.60E-05,9.98E-05,2.76E-05,5.94E-05,7.01E-05,0.000103181,0.035699222,0.000538223,9.07E-06,0.954194844,0.000610881,0.000801004,6.51E-05,0.004427991,3.38E-05,0.000581197,4.10E-05,"breast cancer, invasive, ductal"
"benign, cyst, na",0.01046185,0.009379311,0.017382888,0.017173663,0.002251488,0.006579123,0.329330355,0.001536428,0.011191471,0.002732842,0.004849113,0.004756858,0.513050616,0.012682989,0.013185442,0.000536273,0.00602161,0.006550637,0.004592053,0.003340289,0.008794534,0.001996746,0.009200249,0.002423,"benign, usual ductal hyperplasia, na"
"atypical, atypical lobular hyperplasia, na",0.015325204,0.713948429,0.021002954,0.00483484,0.00329362,0.007772177,0.015862418,0.0025539,0.01688643,0.00271284,0.005841253,0.008976041,0.009893101,0.013906973,0.023639791,0.00089141,0.007937755,0.020694956,0.008563929,0.005552338,0.019835809,0.003319056,0.062727071,0.004027589,"atypical, atypical lobular hyperplasia, na"
"benign, apocrine metaplasia, na",0.006179091,0.00462012,0.011128449,0.007313665,0.001740188,0.845358491,0.003374258,0.001277769,0.007549393,0.00135729,0.002922499,0.005148624,0.006606807,0.013283498,0.007070857,0.000445991,0.010505892,0.006070595,0.00428471,0.002777949,0.016371299,0.001660592,0.030936912,0.002015085,"benign, apocrine metaplasia, na"
"breast cancer, na, na",0.00071445,0.00062434,0.001547202,0.000311516,0.000212213,0.000708214,0.001076921,0.000164552,0.001059478,0.000174792,0.000376361,0.000728317,0.000903455,0.001070437,0.000922077,5.74E-05,0.000695598,0.00081811,0.000551787,0.000357745,0.001630252,0.00109764,0.983937502,0.000259504,"breast cancer, na, na"
"atypical, atypical lobular hyperplasia, na",0.203746349,0.654263675,0.003203913,0.002368876,0.000742886,0.000398495,0.034339655,0.00057604,0.004303433,0.000611889,0.001538864,0.000798792,0.035242539,0.013049985,0.008150335,0.00020106,0.004565358,0.007699249,0.006044709,0.001252346,0.005068807,0.000748623,0.010175495,0.000908435,"atypical, atypical lobular hyperplasia, na"
"benign, pseudoangiomatous stromal hyperplasia, na",0.016976442,0.012656569,0.016251436,0.009211469,0.002276406,0.005984356,0.009987267,0.001671497,0.01076206,0.782594919,0.003823032,0.006244557,0.008468383,0.010873386,0.012736436,0.000583417,0.007065814,0.008310274,0.005604991,0.00363394,0.013662944,0.002172283,0.045812074,0.00263601,"benign, pseudoangiomatous stromal hyperplasia, na"
"breast cancer, in situ, ductal",0.002787335,0.000932501,0.002164526,0.000935325,0.00050277,0.117095955,0.000960876,0.000389852,0.044974986,0.000414114,0.000891666,0.001426355,0.001370957,0.733565569,0.012149067,0.000136074,0.008846308,0.002354388,0.003650583,0.001625085,0.005946512,0.000506653,0.055757727,0.000614811,"breast cancer, in situ, ductal"
"breast cancer, invasive, ductal",2.13E-06,1.39E-06,1.56E-06,2.02E-06,7.85E-07,3.45E-06,1.66E-06,6.09E-07,2.13E-06,6.46E-07,1.39E-06,2.15E-06,2.44E-06,0.001170757,7.39E-06,2.12E-07,0.993553996,0.000254374,0.004876968,3.28E-06,9.15E-06,7.91E-07,0.000100128,9.60E-07,"breast cancer, invasive, ductal"
"breast cancer, in situ, lobular",0.206119746,0.417092264,0.001982388,0.001192127,0.00053127,0.033224553,0.000266526,0.000411951,0.002144002,0.000437588,0.001044921,0.028153675,0.065868422,0.050623141,0.164573967,0.000143787,0.005252372,0.008175749,0.001653408,0.000961134,0.002496253,0.000535372,0.006465567,0.000649661,"atypical, atypical lobular hyperplasia, na"
"benign, cyst, na",0.026567806,0.011399912,0.020356655,0.009247636,0.002515625,0.011666447,0.121129662,0.001950636,0.35665229,0.002072033,0.005211036,0.005390686,0.325219542,0.016836114,0.015508285,0.000680848,0.009688534,0.009874258,0.006817251,0.004551082,0.015407952,0.002535052,0.015644204,0.003076221,"benign, papilloma, na"
"breast cancer, invasive, ductal",0.005746467,0.00287395,0.00716731,0.002023223,0.001235964,0.003613869,0.00590828,0.000958376,0.006170576,0.00101802,0.002191988,0.003581323,0.004910296,0.02074573,0.004738693,0.000334511,0.430151045,0.018519012,0.019951887,0.002582169,0.047016386,0.001245508,0.4058038,0.001511393,"breast cancer, invasive, ductal"
"atypical, fibroadenoma, na",0.002948009,0.002376624,0.929386377,0.001285397,0.000875646,0.001761292,0.00444366,0.000678983,0.004188687,0.000721239,0.001552963,0.002519841,0.001713161,0.0049795,0.003804732,0.000236991,0.002870222,0.003375737,0.002276817,0.001476152,0.006156965,0.000882408,0.018417625,0.00107078,"atypical, fibroadenoma, na"
"breast cancer, in situ, ductal",0.001628014,0.001276384,0.002702027,0.000859319,0.00051184,0.001489785,0.00143123,0.000396884,0.002761346,0.000421584,0.00090775,0.001647723,0.002210587,0.880883336,0.004071829,0.000138528,0.040716756,0.002578333,0.003788762,0.001040424,0.005545736,0.000515792,0.041850094,0.000625901,"breast cancer, in situ, ductal"
"breast cancer, na, na",0.011286655,0.009204281,0.028410431,0.004888397,0.003330105,0.012023196,0.016899351,0.00258219,0.018636156,0.002742891,0.005905959,0.012476805,0.01661348,0.013584631,0.015330269,0.000901285,0.007932446,0.011520999,0.008658794,0.005613842,0.024307949,0.003355822,0.759721994,0.004072203,"breast cancer, na, na"
"benign, sclerosing adenosis, na",0.020122802,0.013833066,0.009298872,0.003349031,0.001266579,0.003790269,0.002191626,0.000982115,0.007694537,0.001043237,0.004134539,0.086629137,0.803985536,0.006334737,0.006535795,0.000342797,0.004423631,0.004187299,0.0046253,0.00213518,0.005207434,0.00127636,0.005061358,0.00154883,"benign, usual ductal hyperplasia, na"
"breast cancer, in situ, ductal",4.86E-05,1.61E-05,2.08E-05,0.001240504,9.31E-06,0.002369703,9.80E-06,7.22E-06,3.84E-05,7.67E-06,2.74E-05,2.79E-05,3.26E-05,0.984949112,0.001690379,2.52E-06,0.006551124,9.09E-05,0.000128514,3.23E-05,0.000188527,9.38E-06,0.002489612,1.14E-05,"breast cancer, in situ, ductal"
"breast cancer, invasive, ductal",0.002925539,0.002158348,0.003930551,0.001323122,0.000901346,0.002721606,0.003857471,0.000698911,0.003576356,0.000742407,0.001598542,0.002700933,0.003697206,0.004801288,0.003460599,0.000243947,0.870311916,0.014603928,0.020221569,0.001630648,0.03703716,0.000908307,0.014846077,0.001102207,"breast cancer, invasive, ductal"
"atypical, fibroadenoma, na",0.003811819,0.00328024,0.906975329,0.001785511,0.001109673,0.004216837,0.002890635,0.000860449,0.005788947,0.000913999,0.001968011,0.013362694,0.005000739,0.005414136,0.005565936,0.00030033,0.003241315,0.004123087,0.002673432,0.00187067,0.00459165,0.001118242,0.017779404,0.001356959,"atypical, fibroadenoma, na"
"breast cancer, invasive, ductal",0.002103907,0.001403132,0.002535957,0.000948567,0.000646189,0.001924369,0.00276548,0.00050106,0.002563944,0.000532243,0.001146019,0.001872394,0.002381582,0.004113717,0.001994191,0.000174889,0.914363444,0.015433658,0.021839211,0.001313518,0.006525198,0.000651179,0.011475842,0.000790189,"breast cancer, invasive, ductal"
"breast cancer, na, na",0.001837794,0.001481592,0.003979901,0.000801319,0.00054588,0.001821754,0.002770186,0.000423279,0.002725316,0.000449622,0.00096812,0.001873465,0.002323976,0.002753507,0.002371877,0.000147741,0.001789302,0.002104441,0.001419373,0.000920236,0.004193531,0.000550095,0.961079955,0.000667526,"breast cancer, na, na"
"benign, usual ductal hyperplasia, na",0.020184614,0.007056373,0.013056415,0.00411603,0.001796358,0.004087309,0.005537945,0.001392911,0.007989516,0.002477568,0.003615669,0.008970005,0.773844481,0.031878874,0.020821337,0.00048618,0.019680578,0.016618155,0.028154694,0.003249838,0.006089077,0.001810231,0.014888982,0.002196669,"benign, usual ductal hyperplasia, na"
"atypical, atypical ductal hyperplasia, na",0.954417348,0.001424225,0.000402028,0.000673507,0.000139464,0.000296139,0.000278184,0.000108141,0.000476317,0.000191523,0.00024734,0.000639362,0.000546587,0.013903724,0.000931963,3.77E-05,0.000291134,0.000562659,0.000187255,0.000252308,0.001241963,0.000140541,0.022439763,0.000170543,"atypical, atypical ductal hyperplasia, na"
"benign, usual ductal hyperplasia, na",0.037835363,0.024448641,0.020550255,0.012903718,0.003700513,0.006342513,0.011363586,0.002869408,0.019964064,0.003047984,0.007382216,0.013851474,0.624876022,0.050091084,0.022195777,0.001001535,0.028951442,0.013072176,0.014462909,0.006694693,0.040468793,0.003729091,0.025671674,0.004525156,"benign, usual ductal hyperplasia, na"
"breast cancer, in situ, ductal",0.000549774,0.000376433,0.000798873,0.000268752,0.000183081,0.000477723,0.000816844,0.000141962,0.000881153,0.000150797,0.000324695,0.000530494,0.000665397,0.921919048,0.002819395,4.96E-05,0.020025164,0.001298073,0.002276452,0.000372151,0.002595942,0.000184495,0.042069901,0.000223879,"breast cancer, in situ, ductal"
"breast cancer, in situ, lobular",0.032759715,0.005343387,0.000605641,0.916607261,0.000234679,0.00033218,0.000481206,0.000181972,0.000688675,0.000193297,0.000416205,0.001346353,0.000473979,0.006885459,0.010499091,6.35E-05,0.004061331,0.005569645,0.005194323,0.000455628,0.001059644,0.000236492,0.006023414,0.000286977,"atypical, flat epithelial atypia, na"
"benign, usual ductal hyperplasia, na",0.004301877,0.001025099,0.001301734,0.000432018,0.000143553,0.000110528,0.000335427,0.000111312,0.000803359,0.000118239,0.000313123,0.000323977,0.984683275,0.001409863,0.000877369,3.89E-05,0.000701603,0.00048821,0.000345392,0.000241999,0.000804571,0.000144661,0.000768211,0.000175543,"benign, usual ductal hyperplasia, na"
"breast cancer, na, ductal",0.019968847,0.015127763,0.032325365,0.0089562,0.006101199,0.018422516,0.027221469,0.004730919,0.029364575,0.005025346,0.01082051,0.018282587,0.02502634,0.072125897,0.02687937,0.001651274,0.09785077,0.026685873,0.018418256,0.011037835,0.37440145,0.006148316,0.135966524,0.007460824,"breast cancer, na, ductal"
"breast cancer, na, na",0.001837794,0.001481592,0.003979901,0.000801319,0.00054588,0.001821754,0.002770186,0.000423279,0.002725316,0.000449622,0.00096812,0.001873465,0.002323976,0.002753507,0.002371877,0.000147741,0.001789302,0.002104441,0.001419373,0.000920236,0.004193531,0.000550095,0.961079955,0.000667526,"breast cancer, na, na"
"breast cancer, in situ, ductal",0.005354309,0.002687142,0.005539464,0.002169744,0.001788665,0.004301865,0.00590408,0.00114612,0.005653762,0.001217448,0.002621394,0.00644009,0.006897585,0.643398523,0.052621745,0.00040004,0.111373864,0.019922739,0.05291995,0.003224355,0.01234722,0.001489501,0.048772767,0.001807471,"breast cancer, in situ, ductal"
"breast cancer, invasive, ductal",0.000741607,0.00049459,0.000893901,0.00033436,0.000227775,0.000678321,0.000974805,0.000176619,0.000903765,0.000187611,0.000403961,0.000660001,0.000839484,0.001324864,0.000702933,6.16E-05,0.967213392,0.00816588,0.007698111,0.000463002,0.002300069,0.000229534,0.004045123,0.000278534,"breast cancer, invasive, ductal"
"breast cancer, na, na",0.000763682,0.000615665,0.001653819,0.000332982,0.000226836,0.000757017,0.001151131,0.000175891,0.001132486,0.000186837,0.000402296,0.000778505,0.000965712,0.0011442,0.000985617,6.14E-05,0.000743532,0.000874485,0.00058981,0.000382397,0.001742592,0.001173278,0.98288238,0.000277386,"breast cancer, na, na"
"breast cancer, na, na",0.001837794,0.001481592,0.003979901,0.000801319,0.00054588,0.001821754,0.002770186,0.000423279,0.002725316,0.000449622,0.00096812,0.001873465,0.002323976,0.002753507,0.002371877,0.000147741,0.001789302,0.002104441,0.001419373,0.000920236,0.004193531,0.000550095,0.961079955,0.000667526,"breast cancer, na, na"
"breast cancer, invasive, ductal",0.000943647,0.000629334,0.001137431,0.000425452,0.000289829,0.00086312,0.001240376,0.000224736,0.001149983,0.000238722,0.000514014,0.000839808,0.00106819,0.001685804,0.000894436,7.84E-05,0.957302928,0.011368741,0.009795347,0.000589141,0.00292669,0.000292068,0.005147159,0.000354416,"breast cancer, invasive, ductal"
"breast cancer, in situ, ductal",0.002777668,0.001936551,0.0042879,0.001243461,0.000847078,0.002561092,0.005414449,0.003451533,0.00456994,0.000697709,0.001537388,0.002679525,0.003703108,0.87509954,0.006928251,0.00022926,0.025682956,0.00447085,0.006828964,0.002737978,0.012873537,0.00085362,0.027551647,0.001035846,"breast cancer, in situ, ductal"
"breast cancer, invasive, ductal",1.08E-05,1.85E-06,1.54E-06,4.35E-06,1.37E-06,0.000261153,1.21E-06,1.06E-06,7.87E-05,1.12E-06,4.02E-06,7.19E-06,2.20E-06,0.033929367,7.49E-05,3.70E-07,0.965124071,0.000249051,0.000131545,5.71E-06,4.41E-05,1.38E-06,6.17E-05,1.67E-06,"breast cancer, invasive, ductal"
"benign, usual ductal hyperplasia, na",0.022187768,0.007443756,0.009955804,0.003758532,0.001259464,0.101054803,0.001786085,0.005131856,0.006241095,0.001037377,0.004111315,0.003327268,0.78013736,0.013209898,0.006597388,0.000340871,0.008170717,0.004283333,0.002968104,0.002123187,0.007146391,0.001269191,0.004918087,0.00154013,"benign, usual ductal hyperplasia, na"
"benign, cyst, na",0.009040008,0.007287869,0.020202013,0.003941643,0.002685151,0.008961104,0.782420278,0.002082088,0.013405676,0.002211666,0.005015464,0.007915178,0.011431511,0.013544348,0.011667131,0.000726729,0.008801477,0.010351628,0.006981814,0.004526589,0.01757898,0.002705887,0.04323227,0.003283525,"benign, cyst, na"
"atypical, flat epithelial atypia, na",0.945222914,0.002617522,0.000234501,0.044481862,6.49E-05,7.92E-05,0.000146017,5.03E-05,0.000264728,5.34E-05,0.000115017,0.000182062,7.44E-05,0.001164666,0.000949472,1.76E-05,0.000179507,0.000195233,8.07E-05,0.000117327,0.000759856,6.54E-05,0.002803859,7.93E-05,"atypical, atypical ductal hyperplasia, na"
"breast cancer, na, na",0.042846944,0.032018892,0.048896953,0.012829512,0.008739807,0.025850642,0.041395675,0.006776916,0.038536847,0.007198671,0.015500086,0.029945953,0.030606009,0.058127169,0.042841233,0.002365407,0.032335956,0.038555466,0.024621483,0.015811406,0.066062093,0.0088073,0.35864222,0.010687432,"breast cancer, na, na"
"atypical, atypical lobular hyperplasia, na",0.00973125,0.263577372,0.512247801,0.003289596,0.000732325,0.037872177,0.05669773,0.000567851,0.003301171,0.000603191,0.001751287,0.000937095,0.076610491,0.005614287,0.00605639,0.000198202,0.002528098,0.004562228,0.0018317,0.001234544,0.003337774,0.000737981,0.00508412,0.000895521,"atypical, fibroadenoma, na"
"breast cancer, na, na",0.019627338,0.015491486,0.040068988,0.009143569,0.00622884,0.020787384,0.029502602,0.004829892,0.029978899,0.005130479,0.011046881,0.021377454,0.025549905,0.041390099,0.030532848,0.001685821,0.042287298,0.03568707,0.028617587,0.011268754,0.047082312,0.006276942,0.508790553,0.007616909,"breast cancer, na, na"
"breast cancer, in situ, ductal",6.49E-05,0.002352068,0.002191163,0.000847929,1.10E-05,0.002098591,1.10E-05,8.55E-06,4.48E-05,9.09E-06,1.96E-05,1.78E-05,9.45E-06,0.984899282,0.003209004,2.99E-06,0.002809941,0.000310313,9.95E-05,3.83E-05,0.000179872,1.11E-05,0.000739876,1.35E-05,"breast cancer, in situ, ductal"
"breast cancer, in situ, ductal",0.01345001,0.009787126,0.011115461,0.004081683,0.002916054,0.007167119,0.012320196,0.002141172,0.01217575,0.002274427,0.004897267,0.009446695,0.00953583,0.524253428,0.185948715,0.000747352,0.060168605,0.01207779,0.007779178,0.004995626,0.044166017,0.002782673,0.052395001,0.003376703,"breast cancer, in situ, ductal"
"benign, cyst, na",0.004015661,0.003274777,0.010430862,0.001739235,0.001184813,0.004277714,0.909621179,0.000918713,0.006630528,0.000975889,0.002213054,0.00381275,0.005910883,0.004833254,0.005454332,0.000320667,0.002822272,0.004099037,0.003080698,0.00199734,0.007370247,0.001193962,0.012373436,0.001448843,"benign, cyst, na"
"benign, usual ductal hyperplasia, na",0.029101284,0.011045528,0.02323401,0.005702805,0.002713245,0.004571013,0.008720275,0.002103872,0.014637811,0.002234806,0.00533651,0.008306511,0.773686945,0.019912681,0.016236238,0.000734333,0.004740191,0.009197709,0.004486008,0.004908601,0.017848471,0.002734198,0.024489162,0.00331788,"benign, usual ductal hyperplasia, na"
"breast cancer, invasive, ductal",0.012671908,0.008280055,0.016896296,0.005572025,0.003795811,0.01139883,0.016244849,0.002943302,0.015060998,0.003126477,0.00673189,0.010998725,0.013989773,0.025280247,0.019748544,0.001027326,0.432162136,0.070396975,0.209495723,0.007715803,0.026705131,0.003825124,0.071290433,0.004641689,"breast cancer, invasive, ductal"
"breast cancer, in situ, ductal",0.034723431,0.000861186,0.000240305,0.000277035,0.000115178,0.000621248,0.000185444,8.93E-05,0.000310525,9.49E-05,0.000226537,0.000337909,0.015876552,0.835263193,0.002067723,3.12E-05,0.050343998,0.002223959,0.047951546,0.000399524,0.001220843,0.000116068,0.006281805,0.000140845,"breast cancer, in situ, ductal"
"benign, pseudoangiomatous stromal hyperplasia, na",0.010312229,0.009636424,0.018924912,0.009291134,0.002174279,0.007791135,0.011607246,0.001685953,0.012167845,0.789363086,0.003856095,0.00810042,0.012399779,0.012595065,0.013610819,0.000588463,0.006124609,0.00724995,0.005653466,0.003665368,0.012275641,0.00219107,0.036076408,0.002658807,"benign, pseudoangiomatous stromal hyperplasia, na"
"breast cancer, na, na",0.028044989,0.021101598,0.054167937,0.013735007,0.009356649,0.030796997,0.04431732,0.007255221,0.045032788,0.007706746,0.016594067,0.033068269,0.036137339,0.054629784,0.036866166,0.002532353,0.054020781,0.058644008,0.042550821,0.019019404,0.071817167,0.009428905,0.29173407,0.011441736,"breast cancer, na, na"
"breast cancer, in situ, lobular",0.009875591,0.007999714,0.020191848,0.005109941,0.003481027,0.011210271,0.016487714,0.002699216,0.016753901,0.0028672,0.006173619,0.011946925,0.013367511,0.152870074,0.538948655,0.000942131,0.013030653,0.040005405,0.009806628,0.006297613,0.024740007,0.003507909,0.077429622,0.004256757,"breast cancer, in situ, lobular"
"benign, sclerosing adenosis, na",0.033393756,0.01276808,0.007734375,0.008908097,0.001384121,0.382842839,0.000899248,0.001073259,0.118210569,0.001909004,0.004623772,0.206782654,0.151366174,0.023600394,0.007339231,0.000374609,0.006849477,0.004965925,0.003454887,0.002333332,0.005234034,0.00139481,0.010864632,0.001692566,"benign, apocrine metaplasia, na"
"benign, usual ductal hyperplasia, na",0.040764604,0.018710582,0.037111063,0.008396754,0.004211568,0.007978152,0.014710006,0.003265684,0.023569062,0.003468922,0.008209963,0.010606331,0.646836758,0.02665765,0.021353731,0.00113985,0.015008262,0.014446346,0.010534018,0.007099801,0.02732495,0.004244092,0.039201532,0.005150097,"benign, usual ductal hyperplasia, na"
"atypical, flat epithelial atypia, na",0.021344829,0.019955788,0.04128179,0.226586252,0.005571188,0.016547929,0.023156185,0.004319944,0.027814278,0.004588793,0.217908621,0.073825821,0.005678914,0.024086362,0.037067246,0.001507829,0.01827082,0.021477697,0.014485962,0.009391828,0.038502663,0.005614212,0.134202525,0.006812702,"atypical, flat epithelial atypia, na"
"breast cancer, in situ, ductal",0.00016796,0.000231604,0.000159271,0.000135523,5.61E-05,0.000109094,0.00014532,3.59E-05,0.000210334,3.82E-05,8.22E-05,0.011157859,0.000240643,0.971286476,0.000704679,1.25E-05,0.004816491,0.000244185,0.000575302,0.000149799,0.00054066,4.67E-05,0.008796761,5.67E-05,"breast cancer, in situ, ductal"
"breast cancer, invasive, ductal",4.36E-05,2.75E-05,3.68E-05,2.23E-05,1.52E-05,3.59E-05,5.72E-05,1.18E-05,5.81E-05,1.25E-05,2.70E-05,3.85E-05,5.32E-05,0.011265857,0.000197303,4.11E-06,0.984219491,0.000694143,0.000970732,3.32E-05,0.00142065,1.53E-05,0.00072133,1.86E-05,"breast cancer, invasive, ductal"
"atypical, fibroadenoma, na",0.003295015,0.002687089,0.929811895,0.001427114,0.000972188,0.002115544,0.00493358,0.000753842,0.00521288,0.000800757,0.00172418,0.003054156,0.002228883,0.004471031,0.004475504,0.00026312,0.002315791,0.003363429,0.00252784,0.0016389,0.006495244,0.000979695,0.013263446,0.001188835,"atypical, fibroadenoma, na"
"breast cancer, in situ, ductal",0.00703013,0.005037036,0.009706137,0.003293657,0.002243726,0.006681882,0.010010739,0.001739803,0.010798872,0.001848079,0.00397926,0.006501411,0.008269437,0.631545544,0.015868984,0.000607259,0.088976666,0.012594549,0.016256349,0.007252309,0.035886966,0.002261053,0.108866513,0.00274373,"breast cancer, in situ, ductal"
"breast cancer, invasive, na",0.016169392,0.013017612,0.029880047,0.00794365,0.005411424,0.018287076,0.024585526,0.004196061,0.021471415,0.004457201,0.009597189,0.018572072,0.022196967,0.019310176,0.024231661,0.001464588,0.144345105,0.062415089,0.249087751,0.009789945,0.098806031,0.005453214,0.18269366,0.006617335,"breast cancer, invasive, na"
"benign, usual ductal hyperplasia, na",0.019472132,0.004875156,0.010743207,0.002523093,0.001200422,0.004893266,0.003858111,0.000930817,0.00706279,0.000988745,0.002361033,0.006383523,0.873767376,0.011370325,0.008292358,0.000324891,0.001636279,0.003644836,0.001436426,0.002171713,0.005679182,0.001209692,0.023706464,0.00146793,"benign, usual ductal hyperplasia, na"
"benign, papilloma, na",0.013366855,0.010297823,0.032800753,0.010285039,0.003725747,0.013247531,0.642621577,0.002888974,0.092017367,0.003068768,0.008033976,0.011989526,0.013591195,0.015775356,0.017151624,0.001008365,0.008874882,0.012889784,0.009687526,0.006280811,0.023176389,0.003754519,0.038909357,0.004556013,"benign, cyst, na"
"breast cancer, in situ, ductal",0.005002721,0.003560064,0.007143332,0.00232433,0.002023451,0.004715397,0.007064568,0.001227777,0.007620752,0.001304187,0.002808159,0.004588039,0.005835733,0.56436646,0.011889084,0.000428542,0.094842277,0.00888796,0.011720678,0.003218591,0.0224513,0.001595623,0.22344467,0.001936247,"breast cancer, in situ, ductal"
"breast cancer, invasive, ductal",0.005683839,0.00411104,0.008436237,0.002437608,0.001660563,0.005014055,0.007408866,0.001287614,0.007992156,0.001367748,0.002945018,0.00497597,0.006811419,0.016310833,0.00674417,0.000449427,0.832386553,0.020544307,0.004678081,0.003313544,0.02824752,0.001673387,0.023489347,0.002030612,"breast cancer, invasive, ductal"
"benign, usual ductal hyperplasia, na",0.007758984,0.003997588,0.007169707,0.001846817,0.000801614,0.001337926,0.001729993,0.000621578,0.004594675,0.000660262,0.001576644,0.002563419,0.935536504,0.004770166,0.004252037,0.000216955,0.003223763,0.00265013,0.001863345,0.00135135,0.003508581,0.000807805,0.006180063,0.000980251,"benign, usual ductal hyperplasia, na"
"atypical, fibroadenoma, na",0.00525264,0.004852307,0.899095833,0.001636651,0.00111493,0.002292975,0.005369619,0.000864526,0.00533331,0.000918329,0.001977334,0.002995794,0.00223816,0.007593109,0.004877595,0.000301753,0.004753219,0.004298209,0.002898993,0.001879533,0.006523969,0.00112354,0.030444385,0.001363387,"atypical, fibroadenoma, na"
"breast cancer, invasive, ductal",0.002942972,0.002156583,0.003269522,0.002624942,0.000903897,0.005936279,0.003572822,0.000700889,0.004370497,0.000744508,0.001603066,0.004020205,0.003366409,0.014162815,0.002950798,0.000244638,0.889487982,0.018311247,0.004102191,0.002026582,0.013467518,0.000910877,0.017017394,0.001105326,"breast cancer, invasive, ductal"
"breast cancer, na, lobular",0.008499087,0.007033275,0.01842376,0.003764699,0.002564612,0.008515654,0.013014688,0.001988621,0.01280388,0.002112382,0.004548353,0.008801779,0.010365379,0.011660524,0.017255699,0.000694106,0.017992258,0.015913995,0.006668393,0.004323385,0.019701742,0.002584417,0.797633052,0.003136124,"breast cancer, na, na"
"benign, usual ductal hyperplasia, na",0.011193931,0.005608601,0.010343778,0.003028006,0.001156494,0.136947155,0.001215295,0.000896754,0.006597397,0.000952564,0.002274634,0.00306169,0.771387517,0.006361159,0.0100334,0.000313002,0.00394601,0.003823358,0.002892634,0.0019496,0.004521332,0.001165425,0.008916009,0.001414213,"benign, usual ductal hyperplasia, na"
"breast cancer, invasive, ductal",3.81E-05,2.47E-05,2.72E-05,1.87E-05,1.54E-05,3.17E-05,4.78E-05,9.86E-06,4.34E-05,1.05E-05,2.25E-05,2.95E-05,3.85E-05,0.000940576,7.59E-05,3.44E-06,0.989782453,0.000796413,0.000811903,2.77E-05,0.001250502,1.28E-05,0.005925075,1.55E-05,"breast cancer, invasive, ductal"
"benign, pseudoangiomatous stromal hyperplasia, na",0.018703539,0.009708007,0.017091462,0.00890225,0.001533865,0.004983224,0.004378965,0.001189372,0.006822048,0.556863606,0.002990093,0.00401023,0.209447727,0.019871969,0.023108853,0.000415137,0.026890529,0.015741264,0.045922171,0.002774955,0.005382667,0.001545711,0.00984664,0.00187568,"benign, pseudoangiomatous stromal hyperplasia, na"
"breast cancer, na, na",0.001837794,0.001481592,0.003979901,0.000801319,0.00054588,0.001821754,0.002770186,0.000423279,0.002725316,0.000449622,0.00096812,0.001873465,0.002323976,0.002753507,0.002371877,0.000147741,0.001789302,0.002104441,0.001419373,0.000920236,0.004193531,0.000550095,0.961079955,0.000667526,"breast cancer, na, na"
"breast cancer, invasive, ductal",2.84E-05,1.79E-05,2.39E-05,1.45E-05,9.89E-06,2.34E-05,3.72E-05,7.67E-06,3.78E-05,8.15E-06,1.75E-05,2.50E-05,3.46E-05,0.01286751,0.000126791,2.68E-06,0.982987881,0.000451781,0.001085222,3.43E-05,0.000924627,9.97E-06,0.001210933,1.21E-05,"breast cancer, invasive, ductal"
"breast cancer, in situ, ductal",0.001792323,0.00128034,0.002368899,0.00101925,0.000633451,0.001810738,0.001585786,0.000491183,0.002715997,0.000521752,0.001123429,0.002039218,0.002599362,0.725989282,0.012140108,0.000171442,0.127985641,0.009546772,0.070252493,0.002197284,0.00437986,0.000638343,0.025942404,0.000774613,"breast cancer, in situ, ductal"
"breast cancer, invasive, ductal",3.83E-05,2.16E-05,2.49E-05,1.97E-05,1.34E-05,3.19E-05,5.04E-05,1.04E-05,4.57E-05,1.10E-05,2.38E-05,3.00E-05,3.60E-05,0.012828295,0.000190704,3.63E-06,0.982710421,0.001237394,0.001261787,5.22E-05,0.0003239,1.35E-05,0.001004376,1.64E-05,"breast cancer, invasive, ductal"
"breast cancer, na, na",0.010903036,0.002558689,0.309985489,0.001762919,0.000590745,0.144002527,0.098881915,0.000458068,0.052778073,0.000486576,0.002030975,0.001909237,0.144728571,0.114598311,0.013434659,0.000159884,0.030398907,0.002778044,0.001487786,0.001068732,0.002831018,0.000595307,0.060848221,0.00072239,"atypical, fibroadenoma, na"
"atypical, atypical ductal hyperplasia, na",0.123979673,0.026775133,0.007036194,0.002816814,0.00123456,0.483189702,0.000841729,0.000957287,0.015951617,0.001016864,0.002364109,0.124498449,0.03562649,0.023771469,0.011553771,0.000334131,0.043536536,0.014117963,0.050637458,0.002233473,0.003192935,0.001244093,0.021579903,0.001509675,"benign, apocrine metaplasia, na"
"breast cancer, na, na",0.011286655,0.009204281,0.028410431,0.004888397,0.003330105,0.012023196,0.016899351,0.00258219,0.018636156,0.002742891,0.005905959,0.012476805,0.01661348,0.013584631,0.015330269,0.000901285,0.007932446,0.011520999,0.008658794,0.005613842,0.024307949,0.003355822,0.759721994,0.004072203,"breast cancer, na, na"
"atypical, fibroadenoma, na",0.003749167,0.003022501,0.910196543,0.001634719,0.001113614,0.002239945,0.00565128,0.000863505,0.005327014,0.000917245,0.001975,0.003204639,0.002178733,0.006332741,0.004838714,0.000301397,0.00365024,0.004293135,0.002895571,0.001877314,0.007830196,0.001122214,0.023422843,0.001361778,"atypical, fibroadenoma, na"
"breast cancer, invasive, ductal",0.012755454,0.009136892,0.020061849,0.005805727,0.003955014,0.012919659,0.016469697,0.00306675,0.020569494,0.003257607,0.007014239,0.013778248,0.019194415,0.040211774,0.01919917,0.001070415,0.318762451,0.038181152,0.012071842,0.008469384,0.368938565,0.003985557,0.036288165,0.004836371,"breast cancer, na, ductal"
"atypical, fibroadenoma, na",0.002948009,0.002376624,0.929386377,0.001285397,0.000875646,0.001761292,0.00444366,0.000678983,0.004188687,0.000721239,0.001552963,0.002519841,0.001713161,0.0049795,0.003804732,0.000236991,0.002870222,0.003375737,0.002276817,0.001476152,0.006156965,0.000882408,0.018417625,0.00107078,"atypical, fibroadenoma, na"
"breast cancer, in situ, ductal",0.000948242,0.000649266,0.001377884,0.000463539,0.000315775,0.000912051,0.001408879,0.000244854,0.001519798,0.000260093,0.000560028,0.000914988,0.001147667,0.936992764,0.007027858,8.55E-05,0.01215798,0.001772516,0.002287866,0.001020666,0.004477438,0.000318213,0.022750029,0.000386144,"breast cancer, in situ, ductal"
"atypical, atypical lobular hyperplasia, na",0.012101102,0.635577738,0.019596346,0.003933616,0.002441114,0.014015866,0.010525432,0.001892859,0.009336313,0.003366826,0.004430451,0.018168531,0.007064709,0.023140941,0.038286202,0.000660681,0.027996261,0.045889907,0.071583912,0.004416281,0.008821212,0.002459966,0.031308603,0.002985105,"atypical, atypical lobular hyperplasia, na"
"breast cancer, invasive, ductal",0.002087943,0.001392485,0.002516715,0.000941369,0.000641285,0.001909767,0.002744495,0.000497258,0.002544489,0.000528204,0.001137323,0.001858186,0.00236351,0.010572243,0.001979059,0.000173562,0.907424808,0.016415473,0.021673493,0.001303551,0.006475684,0.000646238,0.011388762,0.000784193,"breast cancer, invasive, ductal"
"benign, usual ductal hyperplasia, na",0.030516023,0.014150186,0.020817086,0.019767633,0.002913626,0.009127264,0.004610721,0.002259249,0.023762884,0.004001226,0.005730626,0.010903619,0.725637317,0.026719296,0.017435327,0.000788565,0.009867716,0.010734861,0.009049159,0.005271114,0.013500663,0.002936126,0.025936849,0.003562914,"benign, usual ductal hyperplasia, na"
"breast cancer, in situ, ductal",0.0001125,6.51E-05,0.0001101,4.77E-05,3.48E-05,9.72E-05,7.60E-05,2.70E-05,0.000161684,2.87E-05,6.18E-05,8.62E-05,0.000137766,0.98685962,0.00330412,9.43E-06,0.005997763,0.000221927,0.000197185,7.60E-05,0.000903895,3.51E-05,0.001305421,4.26E-05,"breast cancer, in situ, ductal"
"breast cancer, na, na",0.00991664,0.002540061,0.003877156,0.002203631,0.000671746,0.001031519,0.001130283,0.000520877,0.067873165,0.000922495,0.001321214,0.001309867,0.131169885,0.155430138,0.015276772,0.000181806,0.01513793,0.002913084,0.002090595,0.001215272,0.006144978,0.000676933,0.575622439,0.000821441,"breast cancer, na, na"
"benign, sclerosing adenosis, na",0.054968301,0.007844124,0.011539906,0.006265441,0.001615162,0.002962426,0.002027592,0.00125241,0.010152944,0.001330353,0.100791395,0.134670913,0.581759334,0.017266417,0.01424199,0.00043714,0.009862076,0.007837821,0.005016382,0.004128953,0.007030123,0.001627635,0.013396047,0.001975094,"benign, usual ductal hyperplasia, na"
"benign, cyst, na",0.011485247,0.00925917,0.025666472,0.005007821,0.00341146,0.011384999,0.723567009,0.002645273,0.017031789,0.002809901,0.0063721,0.010056161,0.014523628,0.017207969,0.014822982,0.000923303,0.011182195,0.013151648,0.00887033,0.00575099,0.022333931,0.003437805,0.054926198,0.004171688,"benign, cyst, na"
"breast cancer, invasive, lobular",0.008156478,0.006740524,0.015087616,0.004070786,0.002773127,0.009208017,0.012599047,0.002150305,0.0110032,0.002284128,0.004918155,0.009517405,0.010798928,0.006034703,0.024479238,0.00075054,0.088464499,0.594377995,0.064363159,0.005016935,0.050633933,0.002794542,0.060385883,0.003391106,"breast cancer, invasive, lobular"
"benign, usual ductal hyperplasia, na",0.004080147,0.002664802,0.004866899,0.001223323,0.000512138,0.092778474,0.000755418,0.000397116,0.002855006,0.00042183,0.001007291,0.001332258,0.868284106,0.002816955,0.002716553,0.000138609,0.001747437,0.001693123,0.001280964,0.000863354,0.002473561,0.000516093,0.003948336,0.000626265,"benign, usual ductal hyperplasia, na"
"atypical, fibroadenoma, na",0.003295015,0.002687089,0.929811895,0.001427114,0.000972188,0.002115544,0.00493358,0.000753842,0.00521288,0.000800757,0.00172418,0.003054156,0.002228883,0.004471031,0.004475504,0.00026312,0.002315791,0.003363429,0.00252784,0.0016389,0.006495244,0.000979695,0.013263446,0.001188835,"atypical, fibroadenoma, na"
"breast cancer, invasive, ductal",3.50E-06,2.35E-06,1.33E-06,6.71E-06,1.32E-06,4.15E-06,2.42E-06,1.02E-06,4.36E-06,1.09E-06,2.34E-06,4.35E-06,4.48E-06,0.071983039,6.10E-05,3.57E-07,0.927255392,6.60E-05,0.000156395,4.91E-06,0.000207816,1.33E-06,0.000222837,1.61E-06,"breast cancer, invasive, ductal"
"breast cancer, na, na",0.001837794,0.001481592,0.003979901,0.000801319,0.00054588,0.001821754,0.002770186,0.000423279,0.002725316,0.000449622,0.00096812,0.001873465,0.002323976,0.002753507,0.002371877,0.000147741,0.001789302,0.002104441,0.001419373,0.000920236,0.004193531,0.000550095,0.961079955,0.000667526,"breast cancer, na, na"
"breast cancer, invasive, ductal",7.21E-06,4.07E-06,3.80E-06,5.90E-06,2.18E-06,8.54E-06,4.04E-06,1.69E-06,8.66E-06,1.79E-06,3.86E-06,7.32E-06,6.77E-06,0.00277689,2.12E-05,5.90E-07,0.996049106,0.000259091,0.000412644,8.49E-06,3.71E-05,2.20E-06,0.000364083,2.66E-06,"breast cancer, invasive, ductal"
"atypical, fibroadenoma, na",0.003656799,0.002953355,0.91097635,0.00166084,0.001131408,0.002462018,0.00535886,0.000877303,0.00584838,0.000931902,0.002006558,0.003554352,0.002564353,0.007746223,0.008600682,0.000306213,0.003493001,0.005039641,0.003187364,0.002046859,0.007638047,0.001140145,0.015435674,0.001383537,"atypical, fibroadenoma, na"
"benign, pseudoangiomatous stromal hyperplasia, na",0.014477351,0.013567767,0.026941752,0.012312204,0.003053972,0.009172259,0.014149342,0.002368074,0.017090844,0.726379216,0.005416236,0.009658016,0.01431897,0.012458191,0.019095346,0.00082655,0.007274686,0.010565676,0.007940806,0.005148341,0.018392529,0.003077556,0.042579778,0.003734536,"benign, pseudoangiomatous stromal hyperplasia, na"
"benign, papilloma, na",0.024904184,0.015004291,0.050272655,0.008365262,0.005698638,0.020574678,0.028918985,0.004418769,0.537462711,0.004693769,0.010106564,0.021350911,0.020788116,0.023246681,0.02702616,0.001542322,0.013574387,0.019715294,0.01481735,0.00960668,0.038072944,0.005742645,0.087127313,0.006968553,"benign, papilloma, na"
"atypical, fibroadenoma, na",0.003289494,0.002682587,0.928253889,0.001424723,0.000970559,0.002111999,0.004925313,0.000752579,0.005204145,0.000799415,0.001721291,0.003049038,0.002225148,0.004463539,0.004468005,0.000262679,0.003061244,0.003357793,0.002523604,0.001636154,0.006484361,0.000978054,0.014167692,0.001186843,"atypical, fibroadenoma, na"
"atypical, atypical lobular hyperplasia, na",0.014064982,0.688412666,0.016509121,0.004498127,0.003043083,0.006637639,0.014655809,0.002359631,0.013918729,0.002506481,0.005396924,0.008687148,0.007800183,0.030204266,0.020615188,0.000823603,0.010091958,0.021306513,0.007912491,0.005129985,0.0192878,0.003066583,0.089349873,0.00372122,"atypical, atypical lobular hyperplasia, na"
"breast cancer, invasive, ductal",0.006258836,0.000276812,0.000134036,9.52E-05,6.49E-05,0.00011506,0.000216503,5.03E-05,0.000156243,5.34E-05,0.000115069,0.000135979,0.000203005,0.000741816,0.000255257,1.76E-05,0.959620118,0.003647243,0.024047423,0.000125968,0.002404661,6.54E-05,0.001120024,7.93E-05,"breast cancer, invasive, ductal"
"atypical, fibroadenoma, na",0.003565278,0.002846544,0.91719532,0.001649835,0.001123911,0.002445703,0.00532335,0.00087149,0.005809626,0.000925726,0.00203982,0.003530799,0.002482655,0.005465214,0.005836985,0.000304184,0.003021887,0.004449472,0.003166243,0.002033296,0.008072161,0.00113259,0.01533339,0.001374369,"atypical, fibroadenoma, na"
"benign, usual ductal hyperplasia, na",0.004505638,0.002942694,0.005374435,0.001350894,0.000565545,0.100017495,0.000834196,0.000438528,0.003152734,0.000465819,0.001112334,0.00147119,0.856984437,0.003110713,0.002999842,0.000153063,0.001929665,0.001869686,0.001414546,0.000953387,0.00273151,0.000569912,0.004360077,0.000691574,"benign, usual ductal hyperplasia, na"
"breast cancer, invasive, ductal",0.000943647,0.000629334,0.001137431,0.000425452,0.000289829,0.00086312,0.001240376,0.000224736,0.001149983,0.000238722,0.000514014,0.000839808,0.00106819,0.001685804,0.000894436,7.84E-05,0.957302928,0.011368741,0.009795347,0.000589141,0.00292669,0.000292068,0.005147159,0.000354416,"breast cancer, invasive, ductal"
"breast cancer, in situ, ductal",0.000181554,4.26E-05,0.00010575,0.000152988,3.45E-05,0.008077082,2.88E-05,2.68E-05,0.000165413,2.84E-05,6.12E-05,0.003489402,0.00014543,0.974265397,0.002879221,9.34E-06,0.005553057,0.00026015,0.000277291,7.53E-05,0.000548516,3.48E-05,0.003514775,4.22E-05,"breast cancer, in situ, ductal"
"benign, papilloma, na",0.031318597,0.025349382,0.065956518,0.012990074,0.008788073,0.030528693,0.044597004,0.006814343,0.177535996,0.00723843,0.015585695,0.034489833,0.03007523,0.059431206,0.038184665,0.00237847,0.027570231,0.033879235,0.022850363,0.014814806,0.061822891,0.00885594,0.228197768,0.010746456,"breast cancer, na, na"
"atypical, fibroadenoma, na",0.002948009,0.002376624,0.929386377,0.001285397,0.000875646,0.001761292,0.00444366,0.000678983,0.004188687,0.000721239,0.001552963,0.002519841,0.001713161,0.0049795,0.003804732,0.000236991,0.002870222,0.003375737,0.002276817,0.001476152,0.006156965,0.000882408,0.018417625,0.00107078,"atypical, fibroadenoma, na"
"breast cancer, in situ, ductal",9.68E-05,6.73E-05,9.33E-05,8.92E-05,3.47E-05,9.67E-05,8.52E-05,2.69E-05,0.000160858,2.86E-05,6.15E-05,9.33E-05,0.000141711,0.978481591,0.002987416,9.38E-06,0.013140484,0.000204035,0.000253331,7.56E-05,0.000899277,3.49E-05,0.002795961,4.24E-05,"breast cancer, in situ, ductal"
"breast cancer, in situ, ductal",0.001134566,0.000785826,0.001916288,0.000550921,0.000375302,0.001172713,0.00167447,0.000291012,0.002024734,0.000309123,0.0006656,0.001187177,0.001598406,0.910157025,0.006045974,0.000101575,0.025909489,0.002455306,0.00778212,0.001213075,0.005056391,0.0003782,0.026755976,0.000458936,"breast cancer, in situ, ductal"
"benign, pseudoangiomatous stromal hyperplasia, na",0.01692271,0.012616512,0.016199999,0.009182315,0.002148814,0.009026947,0.009955657,0.001666207,0.011645832,0.780117989,0.003810932,0.006629061,0.017229505,0.009418965,0.012696126,0.000581571,0.007043451,0.007984104,0.005587251,0.003622439,0.012113474,0.002165408,0.039007284,0.002627667,"benign, pseudoangiomatous stromal hyperplasia, na"
"breast cancer, in situ, ductal",2.76E-05,1.92E-05,2.66E-05,2.54E-05,9.87E-06,2.75E-05,2.43E-05,7.65E-06,4.58E-05,8.13E-06,1.75E-05,2.66E-05,4.04E-05,0.993005514,0.000850645,2.67E-06,0.004330171,5.81E-05,7.92E-05,2.15E-05,0.000256062,9.95E-06,0.001067465,1.21E-05,"breast cancer, in situ, ductal"
"benign, cyst, na",0.002141286,0.001726261,0.004785207,0.000933648,0.000636026,0.002650065,0.948716998,0.000493179,0.003190054,0.000523872,0.001188002,0.001874851,0.003133242,0.003208219,0.002763567,0.000172139,0.002084786,0.002451967,0.001653767,0.001072203,0.003647064,0.000640937,0.009535007,0.000777761,"benign, cyst, na"
"atypical, fibroadenoma, na",0.009079558,0.004119292,0.770960629,0.002139712,0.00094435,0.097656019,0.001412873,0.000732256,0.004145264,0.000777828,0.0018409,0.001788435,0.05687882,0.008332551,0.00451925,0.000255586,0.006131748,0.003609562,0.002362017,0.001591971,0.005620391,0.000951642,0.012994739,0.001154794,"atypical, fibroadenoma, na"
"breast cancer, in situ, ductal",0.001548115,0.001060003,0.002249557,0.000756781,0.000515539,0.001489029,0.00230016,0.000399753,0.002481248,0.000424632,0.000914312,0.001493824,0.0018737,0.883763194,0.007939166,0.000139529,0.041204147,0.00411265,0.006410286,0.001047944,0.007309942,0.00051952,0.029416647,0.000630425,"breast cancer, in situ, ductal"
"benign, cyst, na",0.007861413,0.00633771,0.017568162,0.003427749,0.002335073,0.007792796,0.810787559,0.001810635,0.011657905,0.001923319,0.00436157,0.006883233,0.009941122,0.011778497,0.010146024,0.000631982,0.00765398,0.00900203,0.006071556,0.003936433,0.015287112,0.002353106,0.037595842,0.002855434,"benign, cyst, na"
"breast cancer, na, na",0.009300846,0.007498151,0.020141777,0.004055374,0.002762628,0.009219664,0.014019563,0.002142164,0.013792479,0.00227548,0.004899535,0.009481371,0.011761351,0.013935152,0.01200377,0.000747698,0.009055432,0.010650311,0.007183265,0.004657198,0.02122293,0.002783962,0.803031504,0.003378267,"breast cancer, na, na"
"breast cancer, invasive, ductal",3.60E-06,2.35E-06,1.73E-06,3.49E-06,1.43E-06,2.86E-06,2.82E-06,1.05E-06,4.47E-06,1.12E-06,2.41E-06,2.92E-06,4.57E-06,0.060571533,6.28E-05,3.68E-07,0.938614249,7.25E-05,0.00016149,5.06E-06,0.000244494,1.37E-06,0.000229207,1.66E-06,"breast cancer, invasive, ductal"
"benign, usual ductal hyperplasia, na",0.044156488,0.019678274,0.041146059,0.00733949,0.003945978,0.011651748,0.007659873,0.003059743,0.025849102,0.003250164,0.007692226,0.009711053,0.666216969,0.022588024,0.020007119,0.001067969,0.017510947,0.013535328,0.011334613,0.006652072,0.015795123,0.00397645,0.031349849,0.004825321,"benign, usual ductal hyperplasia, na"
"breast cancer, in situ, ductal",0.000212066,0.000159608,0.000182552,0.000136573,8.90E-05,0.000339441,0.000196953,6.54E-05,0.000278574,6.94E-05,0.000149493,0.000306736,0.000433967,0.789978743,0.004365028,2.28E-05,0.161017314,0.002369506,0.012163373,0.000313782,0.000535762,8.49E-05,0.026426006,0.000103077,"breast cancer, in situ, ductal"
"benign, papilloma, na",0.007909281,0.002079469,0.010285995,0.002390592,0.001197031,0.006599273,0.005669682,0.000928188,0.872568667,0.000985953,0.002122942,0.020605059,0.005826446,0.006823323,0.008544957,0.000323974,0.000992001,0.005218697,0.003198744,0.00216558,0.006236915,0.001206276,0.024657236,0.001463784,"benign, papilloma, na"
"breast cancer, invasive, ductal",3.05E-05,1.56E-05,1.91E-05,1.28E-05,9.32E-06,2.09E-05,1.71E-05,7.23E-06,3.85E-05,7.68E-06,1.65E-05,2.20E-05,4.16E-05,0.320335686,0.000539344,2.52E-06,0.677698135,0.000223925,0.000424754,2.18E-05,0.000372218,9.39E-06,0.000101367,1.14E-05,"breast cancer, invasive, ductal"
"benign, cyst, na",0.002182893,0.001759804,0.004878186,0.000951789,0.000648384,0.002701557,0.947720468,0.000502762,0.003252039,0.000534051,0.001211085,0.00191128,0.003194123,0.003270557,0.002817265,0.000175484,0.002125295,0.00249961,0.0016859,0.001093036,0.003717928,0.000653391,0.009720278,0.000792874,"benign, cyst, na"
"breast cancer, na, na",0.001574114,0.000659829,0.001576474,0.000476274,0.000311871,0.000973705,0.000773338,0.000241827,0.001501009,0.000256877,0.017548755,0.000883086,0.000572235,0.041033771,0.005061674,8.44E-05,0.00427105,0.001460438,0.001632313,0.000633945,0.003342703,0.000314279,0.914434552,0.00038137,"breast cancer, na, na"
"atypical, atypical ductal hyperplasia, na",0.701243997,0.014653818,0.005100053,0.002514472,0.000937462,0.069316544,0.00161028,0.003819812,0.003326615,0.000772154,0.001886901,0.004363806,0.121409364,0.020890567,0.009454879,0.000253722,0.002562821,0.002868342,0.001463547,0.002396499,0.007270549,0.000944701,0.01979267,0.001146371,"atypical, atypical ductal hyperplasia, na"
"breast cancer, in situ, ductal",0.000155047,5.88E-05,7.16E-05,4.87E-05,2.54E-05,2.71E-05,4.71E-05,1.63E-05,9.76E-05,1.73E-05,4.14E-05,0.000846922,0.003418914,0.985907674,0.003562936,5.69E-06,0.003113393,0.000402697,0.000471861,8.04E-05,0.000259288,2.12E-05,0.001276722,2.57E-05,"breast cancer, in situ, ductal"
"breast cancer, na, na",0.029372523,0.023183186,0.059963703,0.013683449,0.009321531,0.031108551,0.044150982,0.00722799,0.044863757,0.007677817,0.016531777,0.031991597,0.03823572,0.068423606,0.04569276,0.002522849,0.09493985,0.074127279,0.030096535,0.016863819,0.070459202,0.009393516,0.218769252,0.011398791,"breast cancer, na, na"
"breast cancer, in situ, ductal",0.001702303,0.000591921,0.001481248,0.001916042,0.000526275,0.001562526,0.001719001,0.00033722,0.002102788,0.000358207,0.000771287,0.001934251,0.001189966,0.83247745,0.008716509,0.000117703,0.028758308,0.004649447,0.005408143,0.000884016,0.005076736,0.000438253,0.096748546,0.000531808,"breast cancer, in situ, ductal"
"benign, papilloma, na",0.042243373,0.021096859,0.056874342,0.021086611,0.007370668,0.036961243,0.017439693,0.005412064,0.313942939,0.005748881,0.012378417,0.039224736,0.027530057,0.045479193,0.034714524,0.00188902,0.012280893,0.018908821,0.041488968,0.011766165,0.030873962,0.007033533,0.17971997,0.008535013,"benign, papilloma, na"
"breast cancer, na, na",0.001837794,0.001481592,0.003979901,0.000801319,0.00054588,0.001821754,0.002770186,0.000423279,0.002725316,0.000449622,0.00096812,0.001873465,0.002323976,0.002753507,0.002371877,0.000147741,0.001789302,0.002104441,0.001419373,0.000920236,0.004193531,0.000550095,0.961079955,0.000667526,"breast cancer, na, na"
"breast cancer, invasive, ductal",6.78E-05,2.16E-05,1.11E-05,1.79E-05,5.09E-06,7.02E-06,0.001740663,3.95E-06,2.72E-05,3.57E-05,0.000230517,6.07E-06,0.000234487,0.092689335,7.09E-05,1.38E-06,0.899906874,0.000208535,0.004338873,1.98E-05,8.35E-05,5.13E-06,0.000259854,6.23E-06,"breast cancer, invasive, ductal"
"benign, usual ductal hyperplasia, na",0.019586949,0.008402485,0.008742045,0.013857855,0.001106851,0.145836502,0.00062653,0.000858261,0.006533473,0.440828264,0.002208075,0.094468191,0.210910663,0.012315974,0.008599129,0.000299566,0.002650739,0.003521956,0.002097351,0.002002432,0.004112821,0.001115399,0.007965103,0.001353508,"benign, pseudoangiomatous stromal hyperplasia, na"
"breast cancer, in situ, ductal",0.002666855,0.001323501,0.002933183,0.001115281,0.000681312,0.001932081,0.003039782,0.000528295,0.0032791,0.000561173,0.001208311,0.001974167,0.00254073,0.823378921,0.011057717,0.000184395,0.028189797,0.003589698,0.005054161,0.001384914,0.009080363,0.000686574,0.092776462,0.000833139,"breast cancer, in situ, ductal"
"breast cancer, invasive, ductal",0.000100579,6.09E-05,9.35E-05,4.84E-05,3.30E-05,8.43E-05,0.000124163,2.56E-05,0.000141486,2.72E-05,5.85E-05,9.11E-05,0.00013541,0.074351862,0.000453854,8.93E-06,0.919660449,0.00069862,0.001966818,7.20E-05,0.000720224,3.33E-05,0.00096904,4.04E-05,"breast cancer, invasive, ductal"
"breast cancer, invasive, ductal",0.003356321,0.002420011,0.004276013,0.001439414,0.000980566,0.002960812,0.00419651,0.000760339,0.003890687,0.000807658,0.00173904,0.002938322,0.004022157,0.009634118,0.003764756,0.000265388,0.889160156,0.01588749,0.020529553,0.001773968,0.009901737,0.000988139,0.013107947,0.001199081,"breast cancer, invasive, ductal"
"atypical, fibroadenoma, na",0.003295015,0.002687089,0.929811895,0.001427114,0.000972188,0.002115544,0.00493358,0.000753842,0.00521288,0.000800757,0.00172418,0.003054156,0.002228883,0.004471031,0.004475504,0.00026312,0.002315791,0.003363429,0.00252784,0.0016389,0.006495244,0.000979695,0.013263446,0.001188835,"atypical, fibroadenoma, na"
"atypical, phyllodes, na",0.011609028,0.006000703,0.017365441,0.003757139,0.467475921,0.008424358,0.012988556,0.001984628,0.258816123,0.00210814,0.004539221,0.008494015,0.007158946,0.031723883,0.00920901,0.000692712,0.013959147,0.014247505,0.010742947,0.00484796,0.017996445,0.002579228,0.080149025,0.003129827,"atypical, phyllodes, na"
"atypical, fibroadenoma, na",0.015354265,0.02150262,0.499937773,0.005547291,0.000576827,0.065643512,0.00040972,0.000447276,0.002676337,0.20941478,0.001134525,0.003680659,0.142049253,0.005955766,0.004363068,0.000156117,0.002420536,0.001978609,0.002279282,0.000972407,0.001555793,0.000581282,0.010657128,0.000705371,"atypical, fibroadenoma, na"
"benign, apocrine metaplasia, na",0.004224251,0.004119025,0.008698695,0.004508761,0.001246357,0.89634037,0.001504287,0.000966435,0.00643005,0.001026581,0.002210421,0.007141928,0.003762193,0.007820174,0.010833168,0.000337323,0.00269186,0.004047425,0.002996581,0.00210109,0.00520514,0.001255982,0.01900789,0.001524102,"benign, apocrine metaplasia, na"
"atypical, fibroadenoma, na",0.002612937,0.002106496,0.938706934,0.001139298,0.00077612,0.001949039,0.003938592,0.00060181,0.003729766,0.000639263,0.001376453,0.002378485,0.002344887,0.004834987,0.003372284,0.000210055,0.002543991,0.002883742,0.002018034,0.001308372,0.004853645,0.000782114,0.013943641,0.000949075,"atypical, fibroadenoma, na"
"breast cancer, invasive, ductal",2.58E-05,1.58E-05,1.74E-05,1.20E-05,8.14E-06,1.83E-05,3.06E-05,6.31E-06,2.78E-05,6.71E-06,1.44E-05,1.89E-05,2.47E-05,0.002389167,4.86E-05,2.20E-06,0.995410979,0.001061482,0.000391596,1.78E-05,0.00019682,8.20E-06,0.000236668,9.96E-06,"breast cancer, invasive, ductal"
"breast cancer, invasive, ductal",0.002511432,0.001472666,0.00268186,0.000902782,0.000614999,0.001856983,0.002631997,0.000476875,0.002440189,0.000506553,0.001090704,0.001842878,0.002522647,0.006227311,0.003479304,0.000166448,0.911128819,0.018651607,0.021418605,0.001572165,0.006210242,0.000619748,0.008221136,0.000752048,"breast cancer, invasive, ductal"
"atypical, fibroadenoma, na",0.003295015,0.002687089,0.929811895,0.001427114,0.000972188,0.002115544,0.00493358,0.000753842,0.00521288,0.000800757,0.00172418,0.003054156,0.002228883,0.004471031,0.004475504,0.00026312,0.002315791,0.003363429,0.00252784,0.0016389,0.006495244,0.000979695,0.013263446,0.001188835,"atypical, fibroadenoma, na"
"benign, cyst, na",0.009046804,0.006548235,0.016259791,0.003541612,0.00241264,0.013622428,0.789118469,0.00187078,0.012156803,0.001987207,0.004506452,0.006612793,0.018354198,0.018958647,0.010352437,0.000652975,0.015381671,0.008887951,0.006273241,0.004067193,0.019292671,0.002431271,0.024713665,0.002950286,"benign, cyst, na"
"breast cancer, in situ, ductal",0.00029479,0.000105737,0.000112537,0.00020505,6.10E-05,0.000223938,0.000112637,4.48E-05,0.000213993,4.76E-05,0.003250434,0.000343309,0.000123793,0.969654799,0.004823669,1.56E-05,0.013484456,0.000692102,0.003656496,0.000120357,0.000887978,5.82E-05,0.001396475,7.06E-05,"breast cancer, in situ, ductal"
"breast cancer, in situ, ductal",1.59E-05,1.18E-05,1.09E-05,2.33E-05,6.43E-06,0.001988495,5.60E-06,4.98E-06,2.65E-05,5.29E-06,1.14E-05,2.49E-05,2.05E-05,0.985671699,0.003217842,1.74E-06,0.007893311,0.00031039,5.57E-05,1.50E-05,0.000130978,6.48E-06,0.0005326,7.86E-06,"breast cancer, in situ, ductal"
"benign, cyst, na",0.004939941,0.003982479,0.011039452,0.002153923,0.001467309,0.008325921,0.877673805,0.001137763,0.007325574,0.001208572,0.002740716,0.004325274,0.006246785,0.007401352,0.006375541,0.000397124,0.004809595,0.00565668,0.003815234,0.002473569,0.009606089,0.001478641,0.023624409,0.001794293,"benign, cyst, na"
"breast cancer, invasive, ductal",0.11820437,0.001599148,0.000904618,0.000972826,0.000305081,0.000219219,0.012531523,0.000236562,0.001036193,0.000251284,0.000631965,0.000386036,0.021393087,0.006922518,0.001487378,8.26E-05,0.799954951,0.009222857,0.016210485,0.000620142,0.003316375,0.000307437,0.002830157,0.000373067,"breast cancer, invasive, ductal"
"benign, usual ductal hyperplasia, na",0.002265715,0.000500593,0.000627189,0.00021097,7.01E-05,5.40E-05,0.000163801,5.44E-05,0.001731354,5.77E-05,0.000152909,0.000210583,0.99099803,0.000688487,0.00042845,1.90E-05,0.000334923,0.000238411,0.000168667,0.000118177,0.000369307,7.06E-05,0.000381329,8.57E-05,"benign, usual ductal hyperplasia, na"
"breast cancer, na, na",0.016416585,0.012530531,0.020550096,0.004600737,0.003134143,0.009270188,0.0159049,0.00243024,0.014335229,0.002581485,0.00555842,0.010738787,0.011391385,0.018153921,0.013618025,0.000848248,0.013602936,0.012082553,0.008149263,0.005283493,0.022037219,0.016210902,0.756738126,0.003832573,"breast cancer, na, na"
"benign, cyst, na",0.01525679,0.011127595,0.027509181,0.008742624,0.003344441,0.014685406,0.717198789,0.002455724,0.046857692,0.002608555,0.006829146,0.009201184,0.016211607,0.013409576,0.015122555,0.000857143,0.007374518,0.010956744,0.008234719,0.005338897,0.016394861,0.003191466,0.033217929,0.003872762,"benign, cyst, na"
"benign, cyst, na",0.00109651,0.000883984,0.002450407,0.000478102,0.000325696,0.002502897,0.972593009,0.000252547,0.001633562,0.000268264,0.000608352,0.000960073,0.00160447,0.001642864,0.001415167,8.81E-05,0.001067577,0.001255603,0.00084686,0.000549053,0.001867588,0.000328211,0.004882684,0.000398276,"benign, cyst, na"
"atypical, atypical lobular hyperplasia, na",0.00776398,0.688971579,0.007719998,0.002347178,0.112209037,0.003439797,0.007700755,0.001239846,0.007313467,0.001317007,0.002835763,0.004502417,0.003534569,0.011806315,0.008706796,0.000432754,0.017896051,0.018997831,0.010171915,0.00302864,0.010134593,0.001611307,0.064363174,0.00195528,"atypical, atypical lobular hyperplasia, na"
"breast cancer, in situ, ductal",0.002522475,0.003247455,0.002535971,0.001833656,0.000708023,0.002251449,0.001979806,0.000549006,0.003407656,0.000583174,0.001255682,0.003150526,0.003846837,0.830263019,0.009639604,0.000191625,0.016640723,0.00367264,0.00470102,0.001439208,0.008073554,0.00071349,0.09592776,0.000865802,"breast cancer, in situ, ductal"
"breast cancer, na, na",0.006623424,0.005339669,0.014343591,0.002887959,0.001967354,0.006565613,0.009983771,0.001525502,0.009822058,0.001620441,0.003489113,0.006751982,0.008375628,0.00992366,0.008548263,0.000532459,0.00853879,0.007584421,0.019631175,0.003316537,0.015113516,0.001982547,0.843126655,0.00240577,"breast cancer, na, na"
"breast cancer, invasive, ductal",1.64E-05,5.91E-06,0.001061508,1.08E-05,5.40E-06,9.34E-06,2.03E-05,4.19E-06,2.66E-05,4.45E-06,9.58E-06,1.62E-05,6.43E-06,0.006484577,7.01E-05,1.46E-06,0.989084184,0.001253528,0.001330505,2.11E-05,0.00011511,5.45E-06,0.000430719,6.61E-06,"breast cancer, invasive, ductal"
"breast cancer, in situ, lobular",0.010059979,0.006889443,0.019761996,0.004331798,0.002950935,0.012266256,0.013976964,0.002288179,0.015920136,0.002430583,0.0052335,0.016614478,0.013625255,0.158183143,0.531138539,0.000798663,0.014640344,0.061709203,0.009250181,0.007543685,0.018397331,0.002973724,0.06540712,0.003608538,"breast cancer, in situ, lobular"
"breast cancer, invasive, ductal",0.000219752,0.000144887,0.000159017,0.000102739,6.95E-05,0.000201815,0.000261524,5.39E-05,0.000246519,5.72E-05,0.000123267,0.000190486,0.000231158,0.050447211,0.001059482,1.88E-05,0.938784361,0.001309415,0.003265534,0.000134943,0.00168024,7.00E-05,0.001083493,8.50E-05,"breast cancer, invasive, ductal"
"breast cancer, in situ, ductal",0.00556897,0.002502112,0.006731627,0.004141964,0.001882627,0.00408472,0.008399637,0.001459804,0.008083405,0.001550654,0.01035184,0.004681493,0.003144743,0.477649182,0.033975914,0.000509528,0.183958977,0.029038414,0.008561537,0.00422082,0.031690106,0.001897165,0.163612396,0.002302161,"breast cancer, in situ, ductal"
"benign, apocrine metaplasia, na",0.003085519,0.002599275,0.008031222,0.001518743,0.000910376,0.924362957,0.001978947,0.000705913,0.005075061,0.000749845,0.001614557,0.003556421,0.010371504,0.0032272,0.004190953,0.000246391,0.002168553,0.003035573,0.00236712,0.001534699,0.004800679,0.000917406,0.011837606,0.001113249,"benign, apocrine metaplasia, na"
"breast cancer, invasive, ductal",0.000221537,0.000131114,0.000178777,9.87E-05,8.14E-05,0.000162422,0.000271073,5.21E-05,0.000238014,5.54E-05,0.000119252,0.000155828,0.000208547,0.035997044,0.001215603,1.82E-05,0.725241244,0.00368137,0.003620558,0.00021734,0.003867243,6.78E-05,0.224017352,8.22E-05,"breast cancer, invasive, ductal"
"benign, radial scar, na",0.023286516,0.015539138,0.042688601,0.008424543,0.005739021,0.022850972,0.023853766,0.004450083,0.1304591,0.004727032,0.322930574,0.084128007,0.007878097,0.028948572,0.024936363,0.001553252,0.018398533,0.022124715,0.014922353,0.009674758,0.034994252,0.00578334,0.134690493,0.007017935,"benign, radial scar, na"
"breast cancer, na, ductal",0.019968847,0.015127763,0.032325365,0.0089562,0.006101199,0.018422516,0.027221469,0.004730919,0.029364575,0.005025346,0.01082051,0.018282587,0.02502634,0.072125897,0.02687937,0.001651274,0.09785077,0.026685873,0.018418256,0.011037835,0.37440145,0.006148316,0.135966524,0.007460824,"breast cancer, na, ductal"
"breast cancer, in situ, ductal",0.0652261,0.000958874,0.000504006,0.000487476,0.000184996,0.000106539,0.006546465,0.00011854,0.000629822,0.000125917,0.000316673,0.00019344,0.019094564,0.872932374,0.003719164,4.14E-05,0.017852098,0.001440082,0.001979603,0.000310748,0.002333455,0.000154054,0.004556534,0.000186941,"breast cancer, in situ, ductal"
"benign, radial scar, na",0.022989549,0.018411944,0.042778209,0.03321242,0.006422288,0.032303635,0.070769958,0.004715696,0.039655451,0.005009175,0.39505887,0.034974582,0.013176291,0.046269745,0.027996736,0.001645962,0.01836445,0.019749308,0.01578063,0.010252218,0.035588086,0.006128532,0.091309227,0.007436817,"benign, radial scar, na"
"breast cancer, invasive, lobular",0.003735927,0.000507262,0.001074,0.000908798,0.000285001,0.000432397,0.000820057,0.000220992,0.02218253,0.000234746,0.000560551,0.000629826,0.028256696,0.012330099,0.05388343,7.71E-05,0.047235955,0.799564838,0.017483339,0.000621713,0.000974685,0.000287203,0.007344353,0.000348513,"breast cancer, invasive, lobular"
"benign, usual ductal hyperplasia, na",0.063566804,0.016437648,0.043842379,0.015949108,0.004810487,0.016893936,0.009713642,0.00373009,0.026920769,0.00396223,0.009377486,0.012328959,0.554843426,0.03068584,0.031744234,0.001301946,0.011301584,0.023558995,0.012058092,0.008109448,0.022175847,0.004847636,0.065956727,0.005882482,"benign, usual ductal hyperplasia, na"
"breast cancer, na, na",0.019727848,0.015232074,0.028704369,0.005491829,0.003741179,0.011971469,0.01898543,0.00290094,0.019181065,0.003081478,0.006635,0.01399399,0.015934337,0.017525107,0.017222663,0.001012541,0.011800073,0.01294317,0.00972765,0.006306824,0.02499504,0.019350709,0.708960116,0.004574883,"breast cancer, na, na"
"breast cancer, in situ, ductal",0.006198255,0.001490713,0.00492193,0.002924805,0.001313311,0.003235118,0.0052459,0.001018352,0.005023486,0.001081728,0.002329164,0.0051727,0.005759142,0.677946985,0.026784187,0.000355444,0.069306843,0.031938411,0.059754111,0.004555546,0.011169837,0.001323453,0.069544487,0.001605976,"breast cancer, in situ, ductal"
"atypical, atypical ductal hyperplasia, na",0.495087117,0.01236936,0.003863028,0.305535734,0.00101848,0.001487919,0.002705951,0.000789738,0.003900984,0.000838887,0.002003184,0.002498779,0.068139791,0.023958046,0.010104107,0.000275649,0.006385611,0.005172661,0.00254772,0.001716939,0.007632284,0.001026345,0.039696183,0.001245444,"atypical, atypical ductal hyperplasia, na"
"breast cancer, in situ, ductal",3.84E-05,2.36E-05,3.70E-05,2.02E-05,1.38E-05,3.15E-05,6.68E-05,1.07E-05,6.38E-05,1.13E-05,2.44E-05,3.48E-05,4.75E-05,0.993365467,0.000880076,3.72E-06,0.003736157,8.76E-05,0.000108015,4.77E-05,0.000443811,1.39E-05,0.000872696,1.68E-05,"breast cancer, in situ, ductal"
"breast cancer, invasive, ductal",9.27E-05,2.62E-05,4.82E-05,5.27E-05,2.36E-05,4.30E-05,8.90E-05,1.83E-05,8.07E-05,1.95E-05,4.19E-05,5.48E-05,5.26E-05,0.024990274,0.000372253,6.40E-06,0.967222154,0.002441388,0.001584177,8.20E-05,0.00053722,2.38E-05,0.002067865,2.89E-05,"breast cancer, invasive, ductal"
"breast cancer, in situ, ductal",0.00312404,0.29296124,0.002721738,0.001532393,0.000735239,0.240237802,0.000835775,0.000570111,0.003619959,0.000605591,0.002164152,0.002155021,0.002836853,0.367176682,0.029183298,0.000198991,0.020620104,0.008572382,0.003720441,0.001494532,0.00639346,0.000740917,0.006900134,0.000899084,"breast cancer, in situ, ductal"
"breast cancer, na, na",0.00087792,0.000302203,0.000797849,0.000526997,0.000278665,0.000766748,0.001054049,0.000204616,0.00100936,0.00021735,0.000467995,0.000900774,0.000730237,0.289681524,0.009060079,7.14E-05,0.119572349,0.004511621,0.031585108,0.004072089,0.013349148,0.000265919,0.519373357,0.000322686,"breast cancer, na, na"
"breast cancer, in situ, ductal",0.00012271,3.68E-05,3.77E-05,6.93E-05,9.61E-06,0.001353055,4.92E-06,7.45E-06,4.95E-05,7.92E-06,1.89E-05,0.000455312,0.002059753,0.989839077,0.000160666,2.60E-06,0.004574187,5.80E-05,0.000203825,3.11E-05,7.77E-05,9.69E-06,0.000799011,1.18E-05,"breast cancer, in situ, ductal"
"breast cancer, in situ, ductal",0.003161202,0.00118458,0.002829692,0.006270229,0.000812286,0.00644103,0.001839176,0.000629853,0.003786251,0.000669052,0.001440593,0.004550123,0.002507335,0.494335562,0.39046374,0.000219843,0.003601667,0.043532323,0.002841842,0.001577044,0.003863404,0.000818559,0.021631436,0.0009933,"breast cancer, in situ, ductal"
"atypical, fibroadenoma, na",0.003749167,0.003022501,0.910196543,0.001634719,0.001113614,0.002239945,0.00565128,0.000863505,0.005327014,0.000917245,0.001975,0.003204639,0.002178733,0.006332741,0.004838714,0.000301397,0.00365024,0.004293135,0.002895571,0.001877314,0.007830196,0.001122214,0.023422843,0.001361778,"atypical, fibroadenoma, na"
"breast cancer, in situ, ductal",0.002083882,0.091468789,0.000609291,0.001077959,0.000338643,0.000967043,0.000565436,0.000262587,0.024147507,0.000278929,0.000600586,0.024885997,0.000457841,0.511915743,0.012720074,9.17E-05,0.21290803,0.011106105,0.041327208,0.001043855,0.001827605,0.000341258,0.05855976,0.000414108,"breast cancer, in situ, ductal"
"atypical, flat epithelial atypia, na",0.746701002,0.020804068,0.008811274,0.03887935,0.001549162,0.004614231,0.004004981,0.001201232,0.006928412,0.001275991,0.002747447,0.005980294,0.006595221,0.016123766,0.014513639,0.000419277,0.002204578,0.004703715,0.00192706,0.002802628,0.011248186,0.001561125,0.092508957,0.001894385,"atypical, atypical ductal hyperplasia, na"
"benign, apocrine metaplasia, na",0.007990335,0.003878295,0.012412367,0.002571296,0.001406144,0.873678625,0.001787983,0.001090335,0.006961246,0.001158192,0.002493804,0.007632229,0.009007229,0.007368268,0.010689155,0.000380569,0.001013701,0.004467913,0.00188779,0.002543891,0.006654019,0.001417003,0.029790208,0.001719497,"benign, apocrine metaplasia, na"
"atypical, atypical ductal hyperplasia, na",0.185882851,0.012232099,0.57477057,0.026243586,0.001069597,0.094522603,0.001810223,0.000829374,0.013086476,0.00088099,0.001941244,0.001875859,0.001234874,0.027239259,0.006252411,0.000289484,0.009913024,0.004198867,0.003094551,0.001803111,0.0116955,0.001077857,0.016747789,0.001307952,"atypical, fibroadenoma, na"
"benign, cyst, na",0.002182893,0.001759804,0.004878186,0.000951789,0.000648384,0.002701557,0.947720468,0.000502762,0.003252039,0.000534051,0.001211085,0.00191128,0.003194123,0.003270557,0.002817265,0.000175484,0.002125295,0.00249961,0.0016859,0.001093036,0.003717928,0.000653391,0.009720278,0.000792874,"benign, cyst, na"
"breast cancer, na, ductal",0.019968847,0.015127763,0.032325365,0.0089562,0.006101199,0.018422516,0.027221469,0.004730919,0.029364575,0.005025346,0.01082051,0.018282587,0.02502634,0.072125897,0.02687937,0.001651274,0.09785077,0.026685873,0.018418256,0.011037835,0.37440145,0.006148316,0.135966524,0.007460824,"breast cancer, na, ductal"
"breast cancer, invasive, ductal",0.001592585,3.49E-05,7.41E-06,1.05E-05,5.10E-06,5.64E-06,5.56E-06,3.09E-06,1.53E-05,3.28E-06,1.30E-05,7.26E-06,0.002129625,0.197197884,6.28E-05,1.08E-06,0.797682464,0.000104133,0.000975144,8.70E-06,8.06E-05,4.02E-06,4.50E-05,4.88E-06,"breast cancer, invasive, ductal"
"atypical, atypical lobular hyperplasia, na",0.021300077,0.416458517,0.001595152,0.007652717,0.00060925,0.016271332,0.000449141,0.000472417,0.042710181,0.000501818,0.001198295,0.00126739,0.039942246,0.320503622,0.090423107,0.000164892,0.014644966,0.007076564,0.00165123,0.001102209,0.004288933,0.000613955,0.00835711,0.000745018,"atypical, atypical lobular hyperplasia, na"
"breast cancer, na, na",0.001837794,0.001481592,0.003979901,0.000801319,0.00054588,0.001821754,0.002770186,0.000423279,0.002725316,0.000449622,0.00096812,0.001873465,0.002323976,0.002753507,0.002371877,0.000147741,0.001789302,0.002104441,0.001419373,0.000920236,0.004193531,0.000550095,0.961079955,0.000667526,"breast cancer, na, na"
"breast cancer, na, na",0.001837794,0.001481592,0.003979901,0.000801319,0.00054588,0.001821754,0.002770186,0.000423279,0.002725316,0.000449622,0.00096812,0.001873465,0.002323976,0.002753507,0.002371877,0.000147741,0.001789302,0.002104441,0.001419373,0.000920236,0.004193531,0.000550095,0.961079955,0.000667526,"breast cancer, na, na"
"breast cancer, invasive, lobular",0.008156478,0.006740524,0.015087616,0.004070786,0.002773127,0.009208017,0.012599047,0.002150305,0.0110032,0.002284128,0.004918155,0.009517405,0.010798928,0.006034703,0.024479238,0.00075054,0.088464499,0.594377995,0.064363159,0.005016935,0.050633933,0.002794542,0.060385883,0.003391106,"breast cancer, invasive, lobular"
"benign, apocrine metaplasia, na",0.051745333,0.02314093,0.02551101,0.011414364,0.003845999,0.537917078,0.00755634,0.002982219,0.018030521,0.026990995,0.0068209,0.009666835,0.021392802,0.042735972,0.018881517,0.00104091,0.031891409,0.014700456,0.0100002,0.006483529,0.029728344,0.0038757,0.088943556,0.004703063,"benign, apocrine metaplasia, na"
"benign, papilloma, na",0.0208696,0.005939445,0.0257215,0.008213679,0.003688149,0.010249178,0.018716319,0.00285982,0.614270747,0.0030378,0.006540952,0.019679781,0.004793965,0.028403753,0.021486774,0.000998188,0.013833368,0.025641633,0.011014481,0.006217428,0.024375387,0.00371663,0.1152215,0.004510036,"benign, papilloma, na"
"atypical, atypical ductal hyperplasia, na",0.807946265,0.000828063,0.0114816,0.000476711,6.89E-05,2.35E-05,0.001427593,5.35E-05,0.000492441,5.68E-05,0.00453107,7.57E-05,0.00128927,0.159771502,0.001924577,1.87E-05,0.00615097,0.000437234,0.000186851,0.000124725,0.001243735,6.95E-05,0.001236985,8.43E-05,"atypical, atypical ductal hyperplasia, na"
"breast cancer, na, na",0.001837794,0.001481592,0.003979901,0.000801319,0.00054588,0.001821754,0.002770186,0.000423279,0.002725316,0.000449622,0.00096812,0.001873465,0.002323976,0.002753507,0.002371877,0.000147741,0.001789302,0.002104441,0.001419373,0.000920236,0.004193531,0.000550095,0.961079955,0.000667526,"breast cancer, na, na"
"breast cancer, in situ, ductal",0.000632694,0.000411169,0.000719426,0.000375544,0.000225112,0.054071963,0.000385169,0.000174553,0.000790143,0.000185416,0.000399236,0.000638639,0.000788285,0.650006592,0.003527465,6.09E-05,0.20249933,0.004253556,0.047284789,0.000780855,0.00180762,0.00022685,0.029479252,0.000275277,"breast cancer, in situ, ductal"
"atypical, atypical lobular hyperplasia, na",0.015544903,0.73041445,0.004196235,0.00609317,0.001031381,0.002188627,0.001879788,0.003979546,0.005240222,0.002245878,0.003262625,0.069379739,0.101020157,0.018442249,0.009112122,0.000264332,0.002782405,0.006653779,0.0026413,0.001948811,0.003831975,0.000984206,0.005667915,0.001194309,"atypical, atypical lobular hyperplasia, na"
"benign, cyst, na",0.004015661,0.003274777,0.010430862,0.001739235,0.001184813,0.004277714,0.909621179,0.000918713,0.006630528,0.000975889,0.002213054,0.00381275,0.005910883,0.004833254,0.005454332,0.000320667,0.002822272,0.004099037,0.003080698,0.00199734,0.007370247,0.001193962,0.012373436,0.001448843,"benign, cyst, na"
"breast cancer, in situ, ductal",0.000651182,0.00044204,0.001077943,0.000309902,0.000211113,0.000595962,0.000747208,0.000163699,0.001138946,0.000173887,0.000374411,0.014878912,0.000894543,0.935531139,0.003444496,5.71E-05,0.017027151,0.00106346,0.001562714,0.000429134,0.002671783,0.000212744,0.016082577,0.000258159,"breast cancer, in situ, ductal"
"breast cancer, invasive, ductal",4.23E-05,1.87E-05,1.51E-05,2.02E-05,1.09E-05,1.64E-05,3.39E-05,6.99E-06,8.13E-05,7.42E-06,1.60E-05,3.02E-05,2.53E-05,0.055360921,0.000142207,2.44E-06,0.939593136,0.000930599,0.001606476,3.13E-05,0.000204775,9.08E-06,0.001783484,1.10E-05,"breast cancer, invasive, ductal"
"benign, mastitis, na",0.035258055,0.029295465,0.078954071,0.01537329,0.010472691,0.034950301,0.053145964,0.019003024,0.052285139,0.008625991,0.018573368,0.035942402,0.044585448,0.052825987,0.045504421,0.002834409,0.034327727,0.040373664,0.02723063,0.01765471,0.073637024,0.010553566,0.24578616,0.012806482,"breast cancer, na, na"
"breast cancer, in situ, lobular",0.004917236,0.355041504,0.00305609,0.004322843,0.000919051,0.200158939,0.000871309,0.00071264,0.005466259,0.00075699,0.001629942,0.005442241,0.002840894,0.077772513,0.211865813,0.000248739,0.004110648,0.041549884,0.004323987,0.001662679,0.003459495,0.000926148,0.06682016,0.001123857,"atypical, atypical lobular hyperplasia, na"
